character,character_id,cooldown,cost,id,multiplayer_hook,name,onfoot_effect,slot,status,tags,unlock,vehicle_effect
Lyra Dorn,char_lyra,0,keine,ab_char_lyra_basic,Erzeugt ein kurzes Synergie-Fenster fuer naechste Duo-Technik.,Lyras Grundkette,"Schnelle Standardkombo, die Ressourcen erzeugt und den Charakterrhythmus lehrt. Spielt schnell, schmutzig, direkt.",basic,Mondbrand,"[""Interceptor / Duellantin"", ""Mondbrand""]",Start,"Im Fahrzeug als kurzer Modul-Impuls ausgefuehrt, ohne den Fahrfluss zu stoppen."
Lyra Dorn,char_lyra,4,keine,ab_char_lyra_heavy,Erzeugt ein kurzes Synergie-Fenster fuer naechste Duo-Technik.,Lyras Brecher,"Langsamer, schwerer Treffer mit hohem Haltungs- und Fahrzeugpanzer-Schaden. Spielt schnell, schmutzig, direkt.",heavy,Mondbrand,"[""Interceptor / Duellantin"", ""Mondbrand""]",Start,"Im Fahrzeug als kurzer Modul-Impuls ausgefuehrt, ohne den Fahrfluss zu stoppen."
Lyra Dorn,char_lyra,8,1 Fokus,ab_char_lyra_skill_1,"Wenn ein zweiter Spieler waehrend Funkenstoss ein passendes Statusfenster trifft, entsteht eine Combo-Variante mit Extra-Stagger.",Funkenstoss,"Funkenstoss ist eine Kerntechnik fuer Interceptor / Duellantin: sie setzt Mondbrand ein, verschiebt Positionen und oeffnet ein klares Zeitfenster fuer Finisher.",skill_1,Mondbrand,"[""Graumarsch"", ""Mondbrand"", ""onfoot""]",Prolog: Funken im Schlamm / Bindung 1,"Im Dornwolf wird Funkenstoss als Fahrzeugtechnik gelesen: kurzer Drift, Modulimpuls oder Bordwaffenfenster mit derselben Statuslogik."
Lyra Dorn,char_lyra,12,2 Fokus,ab_char_lyra_skill_2,"Wenn ein zweiter Spieler waehrend Dornschritt ein passendes Statusfenster trifft, entsteht eine Combo-Variante mit Extra-Stagger.",Dornschritt,"Dornschritt ist eine Kerntechnik fuer Interceptor / Duellantin: sie setzt Mondbrand ein, verschiebt Positionen und oeffnet ein klares Zeitfenster fuer Finisher.",skill_2,Mondbrand,"[""Graumarsch"", ""Mondbrand"", ""onfoot""]",Prolog: Funken im Schlamm / Bindung 1,"Im Dornwolf wird Dornschritt als Fahrzeugtechnik gelesen: kurzer Drift, Modulimpuls oder Bordwaffenfenster mit derselben Statuslogik."
Lyra Dorn,char_lyra,16,1 Resonanz,ab_char_lyra_skill_3,"Wenn ein zweiter Spieler waehrend Klingenregen ein passendes Statusfenster trifft, entsteht eine Combo-Variante mit Extra-Stagger.",Klingenregen,"Klingenregen ist eine Kerntechnik fuer Interceptor / Duellantin: sie setzt Mondbrand ein, verschiebt Positionen und oeffnet ein klares Zeitfenster fuer Finisher.",skill_3,Mondbrand,"[""Graumarsch"", ""Mondbrand"", ""onfoot""]",Prolog: Funken im Schlamm / Bindung 2,"Im Dornwolf wird Klingenregen als Fahrzeugtechnik gelesen: kurzer Drift, Modulimpuls oder Bordwaffenfenster mit derselben Statuslogik."
Lyra Dorn,char_lyra,20,2 Resonanz,ab_char_lyra_skill_4,"Wenn ein zweiter Spieler waehrend Letzter Blick ein passendes Statusfenster trifft, entsteht eine Combo-Variante mit Extra-Stagger.",Letzter Blick,"Letzter Blick ist eine Kerntechnik fuer Interceptor / Duellantin: sie setzt Mondbrand ein, verschiebt Positionen und oeffnet ein klares Zeitfenster fuer Finisher.",skill_4,Mondbrand,"[""Graumarsch"", ""Mondbrand"", ""onfoot""]",Prolog: Funken im Schlamm / Bindung 3,"Im Dornwolf wird Letzter Blick als Fahrzeugtechnik gelesen: kurzer Drift, Modulimpuls oder Bordwaffenfenster mit derselben Statuslogik."
Lyra Dorn,char_lyra,90,volle Resonanz,ab_char_lyra_ultimate,"Andere Spieler koennen innerhalb von 5 Sekunden einen Ultimate-Anker setzen, wodurch eine Konvoi-Ultimate entsteht.",Hausbrand,"Ultimative Charaktertechnik: Hausbrand verwandelt den persoenlichen Konflikt von Lyra Dorn in ein grosses Kampfereignis mit Schadens-, Kontroll- und Story-Callout.",ultimate,Mondbrand,"[""ultimate"", ""Mondbrand""]",Bindung 3 oder Story-Schluessel fuer Lyra Dorn,"Im Fahrzeug loest Hausbrand einen Signatur-Overdrive des Dornwolf aus, inklusive Spezialkamera und Teamfenster."
Lyra Dorn,char_lyra,0,passiv,ab_char_lyra_passive_1,"Wird im Koop geteilt, wenn die Bindung zwischen den Figuren hoch genug ist.",Narbeninstinkt,"Passiver Bonus, der Lyra Dorns Thema 'Rache, Ueberleben, Verantwortung' mechanisch spuerbar macht. Verbessert Ressourcenfluss, Reaktion auf Mondbrand und Dialog-/Questloesungen.",passive_1,Mondbrand,"[""passive""]",Talentreihe 1,"Gibt dem Dornwolf einen kleinen, aber buildpraegenden Bonus."
Lyra Dorn,char_lyra,0,passiv,ab_char_lyra_passive_2,"Wird im Koop geteilt, wenn die Bindung zwischen den Figuren hoch genug ist.",Regionale Handschrift,"Passiver Bonus, der Lyra Dorns Thema 'Rache, Ueberleben, Verantwortung' mechanisch spuerbar macht. Verbessert Ressourcenfluss, Reaktion auf Mondbrand und Dialog-/Questloesungen.",passive_2,Mondbrand,"[""passive""]",Talentreihe 2,"Gibt dem Dornwolf einen kleinen, aber buildpraegenden Bonus."
Lyra Dorn,char_lyra,0,passiv,ab_char_lyra_passive_3,"Wird im Koop geteilt, wenn die Bindung zwischen den Figuren hoch genug ist.",Bindungsschwur,"Passiver Bonus, der Lyra Dorns Thema 'Rache, Ueberleben, Verantwortung' mechanisch spuerbar macht. Verbessert Ressourcenfluss, Reaktion auf Mondbrand und Dialog-/Questloesungen.",passive_3,Mondbrand,"[""passive""]",Talentreihe 3,"Gibt dem Dornwolf einen kleinen, aber buildpraegenden Bonus."
Lyra Dorn,char_lyra,10,Hitze 20,ab_char_lyra_vehicle_1,"Kann mit Ramme, Harpune, Schild oder Sigil eines anderen Fahrzeugs verkettet werden.",Rissdrift,"Nicht zu Fuss nutzbar, aber kann durch Companion-Callout vorbereitet werden.",vehicle_skill_1,Mondbrand,"[""vehicle"", ""leichter Rissjaeger"", ""Mondbrand""]",Dornwolf Modulstufe 1,"Rissdrift ist die Signaturtechnik des Dornwolf (leichter Rissjaeger). Sie greift direkt in Lenkung, Gegnerformation und Fahrzeugpanzerung ein."
Lyra Dorn,char_lyra,18,Hitze 35,ab_char_lyra_vehicle_2,"Kann mit Ramme, Harpune, Schild oder Sigil eines anderen Fahrzeugs verkettet werden.",Pistolenkuppel,"Nicht zu Fuss nutzbar, aber kann durch Companion-Callout vorbereitet werden.",vehicle_skill_2,Mondbrand,"[""vehicle"", ""leichter Rissjaeger"", ""Mondbrand""]",Dornwolf Modulstufe 2,"Pistolenkuppel ist die Signaturtechnik des Dornwolf (leichter Rissjaeger). Sie greift direkt in Lenkung, Gegnerformation und Fahrzeugpanzerung ein."
Lyra Dorn,char_lyra,30,Resonanzkern,ab_char_lyra_vehicle_3,"Kann mit Ramme, Harpune, Schild oder Sigil eines anderen Fahrzeugs verkettet werden.",Dornramme,"Nicht zu Fuss nutzbar, aber kann durch Companion-Callout vorbereitet werden.",vehicle_skill_3,Mondbrand,"[""vehicle"", ""leichter Rissjaeger"", ""Mondbrand""]",Dornwolf Modulstufe 3,"Dornramme ist die Signaturtechnik des Dornwolf (leichter Rissjaeger). Sie greift direkt in Lenkung, Gegnerformation und Fahrzeugpanzerung ein."
Mira Voss,char_mira,0,keine,ab_char_mira_basic,Erzeugt ein kurzes Synergie-Fenster fuer naechste Duo-Technik.,Miras Grundkette,"Schnelle Standardkombo, die Ressourcen erzeugt und den Charakterrhythmus lehrt. Spielt kontrolliert, analytisch, gefaehrlich.",basic,Siegelriss,"[""Controller / Runenbrecherin"", ""Siegelriss""]",Start,"Im Fahrzeug als kurzer Modul-Impuls ausgefuehrt, ohne den Fahrfluss zu stoppen."
Mira Voss,char_mira,4,keine,ab_char_mira_heavy,Erzeugt ein kurzes Synergie-Fenster fuer naechste Duo-Technik.,Miras Brecher,"Langsamer, schwerer Treffer mit hohem Haltungs- und Fahrzeugpanzer-Schaden. Spielt kontrolliert, analytisch, gefaehrlich.",heavy,Siegelriss,"[""Controller / Runenbrecherin"", ""Siegelriss""]",Start,"Im Fahrzeug als kurzer Modul-Impuls ausgefuehrt, ohne den Fahrfluss zu stoppen."
Mira Voss,char_mira,8,1 Fokus,ab_char_mira_skill_1,"Wenn ein zweiter Spieler waehrend Siegelbruch ein passendes Statusfenster trifft, entsteht eine Combo-Variante mit Extra-Stagger.",Siegelbruch,"Siegelbruch ist eine Kerntechnik fuer Controller / Runenbrecherin: sie setzt Siegelriss ein, verschiebt Positionen und oeffnet ein klares Zeitfenster fuer Finisher.",skill_1,Siegelriss,"[""Graumarsch/Scherbenkrone"", ""Siegelriss"", ""onfoot""]",Kapitel 1: Sumpfkathedrale / Bindung 1,"Im Archivspinne wird Siegelbruch als Fahrzeugtechnik gelesen: kurzer Drift, Modulimpuls oder Bordwaffenfenster mit derselben Statuslogik."
Mira Voss,char_mira,12,2 Fokus,ab_char_mira_skill_2,"Wenn ein zweiter Spieler waehrend Archivschnitt ein passendes Statusfenster trifft, entsteht eine Combo-Variante mit Extra-Stagger.",Archivschnitt,"Archivschnitt ist eine Kerntechnik fuer Controller / Runenbrecherin: sie setzt Siegelriss ein, verschiebt Positionen und oeffnet ein klares Zeitfenster fuer Finisher.",skill_2,Siegelriss,"[""Graumarsch/Scherbenkrone"", ""Siegelriss"", ""onfoot""]",Kapitel 1: Sumpfkathedrale / Bindung 1,"Im Archivspinne wird Archivschnitt als Fahrzeugtechnik gelesen: kurzer Drift, Modulimpuls oder Bordwaffenfenster mit derselben Statuslogik."
Mira Voss,char_mira,16,1 Resonanz,ab_char_mira_skill_3,"Wenn ein zweiter Spieler waehrend Nullfeld ein passendes Statusfenster trifft, entsteht eine Combo-Variante mit Extra-Stagger.",Nullfeld,"Nullfeld ist eine Kerntechnik fuer Controller / Runenbrecherin: sie setzt Siegelriss ein, verschiebt Positionen und oeffnet ein klares Zeitfenster fuer Finisher.",skill_3,Siegelriss,"[""Graumarsch/Scherbenkrone"", ""Siegelriss"", ""onfoot""]",Kapitel 1: Sumpfkathedrale / Bindung 2,"Im Archivspinne wird Nullfeld als Fahrzeugtechnik gelesen: kurzer Drift, Modulimpuls oder Bordwaffenfenster mit derselben Statuslogik."
Mira Voss,char_mira,20,2 Resonanz,ab_char_mira_skill_4,"Wenn ein zweiter Spieler waehrend Wahrheitsnaht ein passendes Statusfenster trifft, entsteht eine Combo-Variante mit Extra-Stagger.",Wahrheitsnaht,"Wahrheitsnaht ist eine Kerntechnik fuer Controller / Runenbrecherin: sie setzt Siegelriss ein, verschiebt Positionen und oeffnet ein klares Zeitfenster fuer Finisher.",skill_4,Siegelriss,"[""Graumarsch/Scherbenkrone"", ""Siegelriss"", ""onfoot""]",Kapitel 1: Sumpfkathedrale / Bindung 3,"Im Archivspinne wird Wahrheitsnaht als Fahrzeugtechnik gelesen: kurzer Drift, Modulimpuls oder Bordwaffenfenster mit derselben Statuslogik."
Mira Voss,char_mira,90,volle Resonanz,ab_char_mira_ultimate,"Andere Spieler koennen innerhalb von 5 Sekunden einen Ultimate-Anker setzen, wodurch eine Konvoi-Ultimate entsteht.",Offenes Archiv,"Ultimative Charaktertechnik: Offenes Archiv verwandelt den persoenlichen Konflikt von Mira Voss in ein grosses Kampfereignis mit Schadens-, Kontroll- und Story-Callout.",ultimate,Siegelriss,"[""ultimate"", ""Siegelriss""]",Bindung 3 oder Story-Schluessel fuer Mira Voss,"Im Fahrzeug loest Offenes Archiv einen Signatur-Overdrive des Archivspinne aus, inklusive Spezialkamera und Teamfenster."
Mira Voss,char_mira,0,passiv,ab_char_mira_passive_1,"Wird im Koop geteilt, wenn die Bindung zwischen den Figuren hoch genug ist.",Narbeninstinkt,"Passiver Bonus, der Mira Vosss Thema 'Wahrheit, Schuld, Archivmagie' mechanisch spuerbar macht. Verbessert Ressourcenfluss, Reaktion auf Siegelriss und Dialog-/Questloesungen.",passive_1,Siegelriss,"[""passive""]",Talentreihe 1,"Gibt dem Archivspinne einen kleinen, aber buildpraegenden Bonus."
Mira Voss,char_mira,0,passiv,ab_char_mira_passive_2,"Wird im Koop geteilt, wenn die Bindung zwischen den Figuren hoch genug ist.",Regionale Handschrift,"Passiver Bonus, der Mira Vosss Thema 'Wahrheit, Schuld, Archivmagie' mechanisch spuerbar macht. Verbessert Ressourcenfluss, Reaktion auf Siegelriss und Dialog-/Questloesungen.",passive_2,Siegelriss,"[""passive""]",Talentreihe 2,"Gibt dem Archivspinne einen kleinen, aber buildpraegenden Bonus."
Mira Voss,char_mira,0,passiv,ab_char_mira_passive_3,"Wird im Koop geteilt, wenn die Bindung zwischen den Figuren hoch genug ist.",Bindungsschwur,"Passiver Bonus, der Mira Vosss Thema 'Wahrheit, Schuld, Archivmagie' mechanisch spuerbar macht. Verbessert Ressourcenfluss, Reaktion auf Siegelriss und Dialog-/Questloesungen.",passive_3,Siegelriss,"[""passive""]",Talentreihe 3,"Gibt dem Archivspinne einen kleinen, aber buildpraegenden Bonus."
Mira Voss,char_mira,10,Hitze 20,ab_char_mira_vehicle_1,"Kann mit Ramme, Harpune, Schild oder Sigil eines anderen Fahrzeugs verkettet werden.",Runenminen,"Nicht zu Fuss nutzbar, aber kann durch Companion-Callout vorbereitet werden.",vehicle_skill_1,Siegelriss,"[""vehicle"", ""Sigil-Legerin"", ""Siegelriss""]",Archivspinne Modulstufe 1,"Runenminen ist die Signaturtechnik des Archivspinne (Sigil-Legerin). Sie greift direkt in Lenkung, Gegnerformation und Fahrzeugpanzerung ein."
Mira Voss,char_mira,18,Hitze 35,ab_char_mira_vehicle_2,"Kann mit Ramme, Harpune, Schild oder Sigil eines anderen Fahrzeugs verkettet werden.",Gedaechtnisnetz,"Nicht zu Fuss nutzbar, aber kann durch Companion-Callout vorbereitet werden.",vehicle_skill_2,Siegelriss,"[""vehicle"", ""Sigil-Legerin"", ""Siegelriss""]",Archivspinne Modulstufe 2,"Gedaechtnisnetz ist die Signaturtechnik des Archivspinne (Sigil-Legerin). Sie greift direkt in Lenkung, Gegnerformation und Fahrzeugpanzerung ein."
Mira Voss,char_mira,30,Resonanzkern,ab_char_mira_vehicle_3,"Kann mit Ramme, Harpune, Schild oder Sigil eines anderen Fahrzeugs verkettet werden.",Spiegelanker,"Nicht zu Fuss nutzbar, aber kann durch Companion-Callout vorbereitet werden.",vehicle_skill_3,Siegelriss,"[""vehicle"", ""Sigil-Legerin"", ""Siegelriss""]",Archivspinne Modulstufe 3,"Spiegelanker ist die Signaturtechnik des Archivspinne (Sigil-Legerin). Sie greift direkt in Lenkung, Gegnerformation und Fahrzeugpanzerung ein."
Tarek al-Sahir,char_tarek,0,keine,ab_char_tarek_basic,Erzeugt ein kurzes Synergie-Fenster fuer naechste Duo-Technik.,Tareks Grundkette,"Schnelle Standardkombo, die Ressourcen erzeugt und den Charakterrhythmus lehrt. Spielt mobil, taeuschend, riskant.",basic,Schuldmarke,"[""Skirmisher / Taeuscher"", ""Schuldmarke""]",Start,"Im Fahrzeug als kurzer Modul-Impuls ausgefuehrt, ohne den Fahrfluss zu stoppen."
Tarek al-Sahir,char_tarek,4,keine,ab_char_tarek_heavy,Erzeugt ein kurzes Synergie-Fenster fuer naechste Duo-Technik.,Tareks Brecher,"Langsamer, schwerer Treffer mit hohem Haltungs- und Fahrzeugpanzer-Schaden. Spielt mobil, taeuschend, riskant.",heavy,Schuldmarke,"[""Skirmisher / Taeuscher"", ""Schuldmarke""]",Start,"Im Fahrzeug als kurzer Modul-Impuls ausgefuehrt, ohne den Fahrfluss zu stoppen."
Tarek al-Sahir,char_tarek,8,1 Fokus,ab_char_tarek_skill_1,"Wenn ein zweiter Spieler waehrend Spiegelkoeder ein passendes Statusfenster trifft, entsteht eine Combo-Variante mit Extra-Stagger.",Spiegelkoeder,"Spiegelkoeder ist eine Kerntechnik fuer Skirmisher / Taeuscher: sie setzt Schuldmarke ein, verschiebt Positionen und oeffnet ein klares Zeitfenster fuer Finisher.",skill_1,Schuldmarke,"[""Sonnenglasweite"", ""Schuldmarke"", ""onfoot""]",Kapitel 2: Salzschuld / Bindung 1,"Im Glasfuchs wird Spiegelkoeder als Fahrzeugtechnik gelesen: kurzer Drift, Modulimpuls oder Bordwaffenfenster mit derselben Statuslogik."
Tarek al-Sahir,char_tarek,12,2 Fokus,ab_char_tarek_skill_2,"Wenn ein zweiter Spieler waehrend Karawanensprung ein passendes Statusfenster trifft, entsteht eine Combo-Variante mit Extra-Stagger.",Karawanensprung,"Karawanensprung ist eine Kerntechnik fuer Skirmisher / Taeuscher: sie setzt Schuldmarke ein, verschiebt Positionen und oeffnet ein klares Zeitfenster fuer Finisher.",skill_2,Schuldmarke,"[""Sonnenglasweite"", ""Schuldmarke"", ""onfoot""]",Kapitel 2: Salzschuld / Bindung 1,"Im Glasfuchs wird Karawanensprung als Fahrzeugtechnik gelesen: kurzer Drift, Modulimpuls oder Bordwaffenfenster mit derselben Statuslogik."
Tarek al-Sahir,char_tarek,16,1 Resonanz,ab_char_tarek_skill_3,"Wenn ein zweiter Spieler waehrend Salzspeerstich ein passendes Statusfenster trifft, entsteht eine Combo-Variante mit Extra-Stagger.",Salzspeerstich,"Salzspeerstich ist eine Kerntechnik fuer Skirmisher / Taeuscher: sie setzt Schuldmarke ein, verschiebt Positionen und oeffnet ein klares Zeitfenster fuer Finisher.",skill_3,Schuldmarke,"[""Sonnenglasweite"", ""Schuldmarke"", ""onfoot""]",Kapitel 2: Salzschuld / Bindung 2,"Im Glasfuchs wird Salzspeerstich als Fahrzeugtechnik gelesen: kurzer Drift, Modulimpuls oder Bordwaffenfenster mit derselben Statuslogik."
Tarek al-Sahir,char_tarek,20,2 Resonanz,ab_char_tarek_skill_4,"Wenn ein zweiter Spieler waehrend Falscher Tod ein passendes Statusfenster trifft, entsteht eine Combo-Variante mit Extra-Stagger.",Falscher Tod,"Falscher Tod ist eine Kerntechnik fuer Skirmisher / Taeuscher: sie setzt Schuldmarke ein, verschiebt Positionen und oeffnet ein klares Zeitfenster fuer Finisher.",skill_4,Schuldmarke,"[""Sonnenglasweite"", ""Schuldmarke"", ""onfoot""]",Kapitel 2: Salzschuld / Bindung 3,"Im Glasfuchs wird Falscher Tod als Fahrzeugtechnik gelesen: kurzer Drift, Modulimpuls oder Bordwaffenfenster mit derselben Statuslogik."
Tarek al-Sahir,char_tarek,90,volle Resonanz,ab_char_tarek_ultimate,"Andere Spieler koennen innerhalb von 5 Sekunden einen Ultimate-Anker setzen, wodurch eine Konvoi-Ultimate entsteht.",Hundert Vertraege,"Ultimative Charaktertechnik: Hundert Vertraege verwandelt den persoenlichen Konflikt von Tarek al-Sahir in ein grosses Kampfereignis mit Schadens-, Kontroll- und Story-Callout.",ultimate,Schuldmarke,"[""ultimate"", ""Schuldmarke""]",Bindung 3 oder Story-Schluessel fuer Tarek al-Sahir,"Im Fahrzeug loest Hundert Vertraege einen Signatur-Overdrive des Glasfuchs aus, inklusive Spezialkamera und Teamfenster."
Tarek al-Sahir,char_tarek,0,passiv,ab_char_tarek_passive_1,"Wird im Koop geteilt, wenn die Bindung zwischen den Figuren hoch genug ist.",Narbeninstinkt,"Passiver Bonus, der Tarek al-Sahirs Thema 'Schuld, Charme, Flucht und Bindung' mechanisch spuerbar macht. Verbessert Ressourcenfluss, Reaktion auf Schuldmarke und Dialog-/Questloesungen.",passive_1,Schuldmarke,"[""passive""]",Talentreihe 1,"Gibt dem Glasfuchs einen kleinen, aber buildpraegenden Bonus."
Tarek al-Sahir,char_tarek,0,passiv,ab_char_tarek_passive_2,"Wird im Koop geteilt, wenn die Bindung zwischen den Figuren hoch genug ist.",Regionale Handschrift,"Passiver Bonus, der Tarek al-Sahirs Thema 'Schuld, Charme, Flucht und Bindung' mechanisch spuerbar macht. Verbessert Ressourcenfluss, Reaktion auf Schuldmarke und Dialog-/Questloesungen.",passive_2,Schuldmarke,"[""passive""]",Talentreihe 2,"Gibt dem Glasfuchs einen kleinen, aber buildpraegenden Bonus."
Tarek al-Sahir,char_tarek,0,passiv,ab_char_tarek_passive_3,"Wird im Koop geteilt, wenn die Bindung zwischen den Figuren hoch genug ist.",Bindungsschwur,"Passiver Bonus, der Tarek al-Sahirs Thema 'Schuld, Charme, Flucht und Bindung' mechanisch spuerbar macht. Verbessert Ressourcenfluss, Reaktion auf Schuldmarke und Dialog-/Questloesungen.",passive_3,Schuldmarke,"[""passive""]",Talentreihe 3,"Gibt dem Glasfuchs einen kleinen, aber buildpraegenden Bonus."
Tarek al-Sahir,char_tarek,10,Hitze 20,ab_char_tarek_vehicle_1,"Kann mit Ramme, Harpune, Schild oder Sigil eines anderen Fahrzeugs verkettet werden.",Sandsegelboost,"Nicht zu Fuss nutzbar, aber kann durch Companion-Callout vorbereitet werden.",vehicle_skill_1,Schuldmarke,"[""vehicle"", ""Sandsegler"", ""Schuldmarke""]",Glasfuchs Modulstufe 1,"Sandsegelboost ist die Signaturtechnik des Glasfuchs (Sandsegler). Sie greift direkt in Lenkung, Gegnerformation und Fahrzeugpanzerung ein."
Tarek al-Sahir,char_tarek,18,Hitze 35,ab_char_tarek_vehicle_2,"Kann mit Ramme, Harpune, Schild oder Sigil eines anderen Fahrzeugs verkettet werden.",Koederfackel,"Nicht zu Fuss nutzbar, aber kann durch Companion-Callout vorbereitet werden.",vehicle_skill_2,Schuldmarke,"[""vehicle"", ""Sandsegler"", ""Schuldmarke""]",Glasfuchs Modulstufe 2,"Koederfackel ist die Signaturtechnik des Glasfuchs (Sandsegler). Sie greift direkt in Lenkung, Gegnerformation und Fahrzeugpanzerung ein."
Tarek al-Sahir,char_tarek,30,Resonanzkern,ab_char_tarek_vehicle_3,"Kann mit Ramme, Harpune, Schild oder Sigil eines anderen Fahrzeugs verkettet werden.",Schuldenpflug,"Nicht zu Fuss nutzbar, aber kann durch Companion-Callout vorbereitet werden.",vehicle_skill_3,Schuldmarke,"[""vehicle"", ""Sandsegler"", ""Schuldmarke""]",Glasfuchs Modulstufe 3,"Schuldenpflug ist die Signaturtechnik des Glasfuchs (Sandsegler). Sie greift direkt in Lenkung, Gegnerformation und Fahrzeugpanzerung ein."
Siofra Nhal,char_siofra,0,keine,ab_char_siofra_basic,Erzeugt ein kurzes Synergie-Fenster fuer naechste Duo-Technik.,Siofras Grundkette,"Schnelle Standardkombo, die Ressourcen erzeugt und den Charakterrhythmus lehrt. Spielt praezise, lauernd, organisch.",basic,Harzbindung,"[""Ranger / Fallenbinderin"", ""Harzbindung""]",Start,"Im Fahrzeug als kurzer Modul-Impuls ausgefuehrt, ohne den Fahrfluss zu stoppen."
Siofra Nhal,char_siofra,4,keine,ab_char_siofra_heavy,Erzeugt ein kurzes Synergie-Fenster fuer naechste Duo-Technik.,Siofras Brecher,"Langsamer, schwerer Treffer mit hohem Haltungs- und Fahrzeugpanzer-Schaden. Spielt praezise, lauernd, organisch.",heavy,Harzbindung,"[""Ranger / Fallenbinderin"", ""Harzbindung""]",Start,"Im Fahrzeug als kurzer Modul-Impuls ausgefuehrt, ohne den Fahrfluss zu stoppen."
Siofra Nhal,char_siofra,8,1 Fokus,ab_char_siofra_skill_1,"Wenn ein zweiter Spieler waehrend Namenspfeil ein passendes Statusfenster trifft, entsteht eine Combo-Variante mit Extra-Stagger.",Namenspfeil,"Namenspfeil ist eine Kerntechnik fuer Ranger / Fallenbinderin: sie setzt Harzbindung ein, verschiebt Positionen und oeffnet ein klares Zeitfenster fuer Finisher.",skill_1,Harzbindung,"[""Wurzelwald Nhal"", ""Harzbindung"", ""onfoot""]",Kapitel 3: Der Wald vergisst / Bindung 1,"Im Moorkaefer wird Namenspfeil als Fahrzeugtechnik gelesen: kurzer Drift, Modulimpuls oder Bordwaffenfenster mit derselben Statuslogik."
Siofra Nhal,char_siofra,12,2 Fokus,ab_char_siofra_skill_2,"Wenn ein zweiter Spieler waehrend Wurzelfalle ein passendes Statusfenster trifft, entsteht eine Combo-Variante mit Extra-Stagger.",Wurzelfalle,"Wurzelfalle ist eine Kerntechnik fuer Ranger / Fallenbinderin: sie setzt Harzbindung ein, verschiebt Positionen und oeffnet ein klares Zeitfenster fuer Finisher.",skill_2,Harzbindung,"[""Wurzelwald Nhal"", ""Harzbindung"", ""onfoot""]",Kapitel 3: Der Wald vergisst / Bindung 1,"Im Moorkaefer wird Wurzelfalle als Fahrzeugtechnik gelesen: kurzer Drift, Modulimpuls oder Bordwaffenfenster mit derselben Statuslogik."
Siofra Nhal,char_siofra,16,1 Resonanz,ab_char_siofra_skill_3,"Wenn ein zweiter Spieler waehrend Moosmantel ein passendes Statusfenster trifft, entsteht eine Combo-Variante mit Extra-Stagger.",Moosmantel,"Moosmantel ist eine Kerntechnik fuer Ranger / Fallenbinderin: sie setzt Harzbindung ein, verschiebt Positionen und oeffnet ein klares Zeitfenster fuer Finisher.",skill_3,Harzbindung,"[""Wurzelwald Nhal"", ""Harzbindung"", ""onfoot""]",Kapitel 3: Der Wald vergisst / Bindung 2,"Im Moorkaefer wird Moosmantel als Fahrzeugtechnik gelesen: kurzer Drift, Modulimpuls oder Bordwaffenfenster mit derselben Statuslogik."
Siofra Nhal,char_siofra,20,2 Resonanz,ab_char_siofra_skill_4,"Wenn ein zweiter Spieler waehrend Chor der Dornen ein passendes Statusfenster trifft, entsteht eine Combo-Variante mit Extra-Stagger.",Chor der Dornen,"Chor der Dornen ist eine Kerntechnik fuer Ranger / Fallenbinderin: sie setzt Harzbindung ein, verschiebt Positionen und oeffnet ein klares Zeitfenster fuer Finisher.",skill_4,Harzbindung,"[""Wurzelwald Nhal"", ""Harzbindung"", ""onfoot""]",Kapitel 3: Der Wald vergisst / Bindung 3,"Im Moorkaefer wird Chor der Dornen als Fahrzeugtechnik gelesen: kurzer Drift, Modulimpuls oder Bordwaffenfenster mit derselben Statuslogik."
Siofra Nhal,char_siofra,90,volle Resonanz,ab_char_siofra_ultimate,"Andere Spieler koennen innerhalb von 5 Sekunden einen Ultimate-Anker setzen, wodurch eine Konvoi-Ultimate entsteht.",Der Wald nennt dich,"Ultimative Charaktertechnik: Der Wald nennt dich verwandelt den persoenlichen Konflikt von Siofra Nhal in ein grosses Kampfereignis mit Schadens-, Kontroll- und Story-Callout.",ultimate,Harzbindung,"[""ultimate"", ""Harzbindung""]",Bindung 3 oder Story-Schluessel fuer Siofra Nhal,"Im Fahrzeug loest Der Wald nennt dich einen Signatur-Overdrive des Moorkaefer aus, inklusive Spezialkamera und Teamfenster."
Siofra Nhal,char_siofra,0,passiv,ab_char_siofra_passive_1,"Wird im Koop geteilt, wenn die Bindung zwischen den Figuren hoch genug ist.",Narbeninstinkt,"Passiver Bonus, der Siofra Nhals Thema 'Namen, Erinnerung, Naturresonanz' mechanisch spuerbar macht. Verbessert Ressourcenfluss, Reaktion auf Harzbindung und Dialog-/Questloesungen.",passive_1,Harzbindung,"[""passive""]",Talentreihe 1,"Gibt dem Moorkaefer einen kleinen, aber buildpraegenden Bonus."
Siofra Nhal,char_siofra,0,passiv,ab_char_siofra_passive_2,"Wird im Koop geteilt, wenn die Bindung zwischen den Figuren hoch genug ist.",Regionale Handschrift,"Passiver Bonus, der Siofra Nhals Thema 'Namen, Erinnerung, Naturresonanz' mechanisch spuerbar macht. Verbessert Ressourcenfluss, Reaktion auf Harzbindung und Dialog-/Questloesungen.",passive_2,Harzbindung,"[""passive""]",Talentreihe 2,"Gibt dem Moorkaefer einen kleinen, aber buildpraegenden Bonus."
Siofra Nhal,char_siofra,0,passiv,ab_char_siofra_passive_3,"Wird im Koop geteilt, wenn die Bindung zwischen den Figuren hoch genug ist.",Bindungsschwur,"Passiver Bonus, der Siofra Nhals Thema 'Namen, Erinnerung, Naturresonanz' mechanisch spuerbar macht. Verbessert Ressourcenfluss, Reaktion auf Harzbindung und Dialog-/Questloesungen.",passive_3,Harzbindung,"[""passive""]",Talentreihe 3,"Gibt dem Moorkaefer einen kleinen, aber buildpraegenden Bonus."
Siofra Nhal,char_siofra,10,Hitze 20,ab_char_siofra_vehicle_1,"Kann mit Ramme, Harpune, Schild oder Sigil eines anderen Fahrzeugs verkettet werden.",Sumpfgriff,"Nicht zu Fuss nutzbar, aber kann durch Companion-Callout vorbereitet werden.",vehicle_skill_1,Harzbindung,"[""vehicle"", ""Bio-Crawler"", ""Harzbindung""]",Moorkaefer Modulstufe 1,"Sumpfgriff ist die Signaturtechnik des Moorkaefer (Bio-Crawler). Sie greift direkt in Lenkung, Gegnerformation und Fahrzeugpanzerung ein."
Siofra Nhal,char_siofra,18,Hitze 35,ab_char_siofra_vehicle_2,"Kann mit Ramme, Harpune, Schild oder Sigil eines anderen Fahrzeugs verkettet werden.",Sporenwolke,"Nicht zu Fuss nutzbar, aber kann durch Companion-Callout vorbereitet werden.",vehicle_skill_2,Harzbindung,"[""vehicle"", ""Bio-Crawler"", ""Harzbindung""]",Moorkaefer Modulstufe 2,"Sporenwolke ist die Signaturtechnik des Moorkaefer (Bio-Crawler). Sie greift direkt in Lenkung, Gegnerformation und Fahrzeugpanzerung ein."
Siofra Nhal,char_siofra,30,Resonanzkern,ab_char_siofra_vehicle_3,"Kann mit Ramme, Harpune, Schild oder Sigil eines anderen Fahrzeugs verkettet werden.",Herzwurzelzug,"Nicht zu Fuss nutzbar, aber kann durch Companion-Callout vorbereitet werden.",vehicle_skill_3,Harzbindung,"[""vehicle"", ""Bio-Crawler"", ""Harzbindung""]",Moorkaefer Modulstufe 3,"Herzwurzelzug ist die Signaturtechnik des Moorkaefer (Bio-Crawler). Sie greift direkt in Lenkung, Gegnerformation und Fahrzeugpanzerung ein."
Brannok Reef,char_brannok,0,keine,ab_char_brannok_basic,Erzeugt ein kurzes Synergie-Fenster fuer naechste Duo-Technik.,Brannoks Grundkette,"Schnelle Standardkombo, die Ressourcen erzeugt und den Charakterrhythmus lehrt. Spielt schwer, laut, brutal ehrlich.",basic,Tiefenruf,"[""Bruiser / Harpunierer"", ""Tiefenruf""]",Start,"Im Fahrzeug als kurzer Modul-Impuls ausgefuehrt, ohne den Fahrfluss zu stoppen."
Brannok Reef,char_brannok,4,keine,ab_char_brannok_heavy,Erzeugt ein kurzes Synergie-Fenster fuer naechste Duo-Technik.,Brannoks Brecher,"Langsamer, schwerer Treffer mit hohem Haltungs- und Fahrzeugpanzer-Schaden. Spielt schwer, laut, brutal ehrlich.",heavy,Tiefenruf,"[""Bruiser / Harpunierer"", ""Tiefenruf""]",Start,"Im Fahrzeug als kurzer Modul-Impuls ausgefuehrt, ohne den Fahrfluss zu stoppen."
Brannok Reef,char_brannok,8,1 Fokus,ab_char_brannok_skill_1,"Wenn ein zweiter Spieler waehrend Harpunenwurf ein passendes Statusfenster trifft, entsteht eine Combo-Variante mit Extra-Stagger.",Harpunenwurf,"Harpunenwurf ist eine Kerntechnik fuer Bruiser / Harpunierer: sie setzt Tiefenruf ein, verschiebt Positionen und oeffnet ein klares Zeitfenster fuer Finisher.",skill_1,Tiefenruf,"[""Eisenbrandkueste"", ""Tiefenruf"", ""onfoot""]",Kapitel 4: Die Glocke unter der Brandung / Bindung 1,"Im Riffbrecher wird Harpunenwurf als Fahrzeugtechnik gelesen: kurzer Drift, Modulimpuls oder Bordwaffenfenster mit derselben Statuslogik."
Brannok Reef,char_brannok,12,2 Fokus,ab_char_brannok_skill_2,"Wenn ein zweiter Spieler waehrend Ankerkonter ein passendes Statusfenster trifft, entsteht eine Combo-Variante mit Extra-Stagger.",Ankerkonter,"Ankerkonter ist eine Kerntechnik fuer Bruiser / Harpunierer: sie setzt Tiefenruf ein, verschiebt Positionen und oeffnet ein klares Zeitfenster fuer Finisher.",skill_2,Tiefenruf,"[""Eisenbrandkueste"", ""Tiefenruf"", ""onfoot""]",Kapitel 4: Die Glocke unter der Brandung / Bindung 1,"Im Riffbrecher wird Ankerkonter als Fahrzeugtechnik gelesen: kurzer Drift, Modulimpuls oder Bordwaffenfenster mit derselben Statuslogik."
Brannok Reef,char_brannok,16,1 Resonanz,ab_char_brannok_skill_3,"Wenn ein zweiter Spieler waehrend Sturmtritt ein passendes Statusfenster trifft, entsteht eine Combo-Variante mit Extra-Stagger.",Sturmtritt,"Sturmtritt ist eine Kerntechnik fuer Bruiser / Harpunierer: sie setzt Tiefenruf ein, verschiebt Positionen und oeffnet ein klares Zeitfenster fuer Finisher.",skill_3,Tiefenruf,"[""Eisenbrandkueste"", ""Tiefenruf"", ""onfoot""]",Kapitel 4: Die Glocke unter der Brandung / Bindung 2,"Im Riffbrecher wird Sturmtritt als Fahrzeugtechnik gelesen: kurzer Drift, Modulimpuls oder Bordwaffenfenster mit derselben Statuslogik."
Brannok Reef,char_brannok,20,2 Resonanz,ab_char_brannok_skill_4,"Wenn ein zweiter Spieler waehrend Riffspalter ein passendes Statusfenster trifft, entsteht eine Combo-Variante mit Extra-Stagger.",Riffspalter,"Riffspalter ist eine Kerntechnik fuer Bruiser / Harpunierer: sie setzt Tiefenruf ein, verschiebt Positionen und oeffnet ein klares Zeitfenster fuer Finisher.",skill_4,Tiefenruf,"[""Eisenbrandkueste"", ""Tiefenruf"", ""onfoot""]",Kapitel 4: Die Glocke unter der Brandung / Bindung 3,"Im Riffbrecher wird Riffspalter als Fahrzeugtechnik gelesen: kurzer Drift, Modulimpuls oder Bordwaffenfenster mit derselben Statuslogik."
Brannok Reef,char_brannok,90,volle Resonanz,ab_char_brannok_ultimate,"Andere Spieler koennen innerhalb von 5 Sekunden einen Ultimate-Anker setzen, wodurch eine Konvoi-Ultimate entsteht.",Die Glocke antwortet,"Ultimative Charaktertechnik: Die Glocke antwortet verwandelt den persoenlichen Konflikt von Brannok Reef in ein grosses Kampfereignis mit Schadens-, Kontroll- und Story-Callout.",ultimate,Tiefenruf,"[""ultimate"", ""Tiefenruf""]",Bindung 3 oder Story-Schluessel fuer Brannok Reef,"Im Fahrzeug loest Die Glocke antwortet einen Signatur-Overdrive des Riffbrecher aus, inklusive Spezialkamera und Teamfenster."
Brannok Reef,char_brannok,0,passiv,ab_char_brannok_passive_1,"Wird im Koop geteilt, wenn die Bindung zwischen den Figuren hoch genug ist.",Narbeninstinkt,"Passiver Bonus, der Brannok Reefs Thema 'Bruder, Sturm, Arbeiterzorn' mechanisch spuerbar macht. Verbessert Ressourcenfluss, Reaktion auf Tiefenruf und Dialog-/Questloesungen.",passive_1,Tiefenruf,"[""passive""]",Talentreihe 1,"Gibt dem Riffbrecher einen kleinen, aber buildpraegenden Bonus."
Brannok Reef,char_brannok,0,passiv,ab_char_brannok_passive_2,"Wird im Koop geteilt, wenn die Bindung zwischen den Figuren hoch genug ist.",Regionale Handschrift,"Passiver Bonus, der Brannok Reefs Thema 'Bruder, Sturm, Arbeiterzorn' mechanisch spuerbar macht. Verbessert Ressourcenfluss, Reaktion auf Tiefenruf und Dialog-/Questloesungen.",passive_2,Tiefenruf,"[""passive""]",Talentreihe 2,"Gibt dem Riffbrecher einen kleinen, aber buildpraegenden Bonus."
Brannok Reef,char_brannok,0,passiv,ab_char_brannok_passive_3,"Wird im Koop geteilt, wenn die Bindung zwischen den Figuren hoch genug ist.",Bindungsschwur,"Passiver Bonus, der Brannok Reefs Thema 'Bruder, Sturm, Arbeiterzorn' mechanisch spuerbar macht. Verbessert Ressourcenfluss, Reaktion auf Tiefenruf und Dialog-/Questloesungen.",passive_3,Tiefenruf,"[""passive""]",Talentreihe 3,"Gibt dem Riffbrecher einen kleinen, aber buildpraegenden Bonus."
Brannok Reef,char_brannok,10,Hitze 20,ab_char_brannok_vehicle_1,"Kann mit Ramme, Harpune, Schild oder Sigil eines anderen Fahrzeugs verkettet werden.",Bugramme,"Nicht zu Fuss nutzbar, aber kann durch Companion-Callout vorbereitet werden.",vehicle_skill_1,Tiefenruf,"[""vehicle"", ""Rammbastion"", ""Tiefenruf""]",Riffbrecher Modulstufe 1,"Bugramme ist die Signaturtechnik des Riffbrecher (Rammbastion). Sie greift direkt in Lenkung, Gegnerformation und Fahrzeugpanzerung ein."
Brannok Reef,char_brannok,18,Hitze 35,ab_char_brannok_vehicle_2,"Kann mit Ramme, Harpune, Schild oder Sigil eines anderen Fahrzeugs verkettet werden.",Kettenharpune,"Nicht zu Fuss nutzbar, aber kann durch Companion-Callout vorbereitet werden.",vehicle_skill_2,Tiefenruf,"[""vehicle"", ""Rammbastion"", ""Tiefenruf""]",Riffbrecher Modulstufe 2,"Kettenharpune ist die Signaturtechnik des Riffbrecher (Rammbastion). Sie greift direkt in Lenkung, Gegnerformation und Fahrzeugpanzerung ein."
Brannok Reef,char_brannok,30,Resonanzkern,ab_char_brannok_vehicle_3,"Kann mit Ramme, Harpune, Schild oder Sigil eines anderen Fahrzeugs verkettet werden.",Brandungswalze,"Nicht zu Fuss nutzbar, aber kann durch Companion-Callout vorbereitet werden.",vehicle_skill_3,Tiefenruf,"[""vehicle"", ""Rammbastion"", ""Tiefenruf""]",Riffbrecher Modulstufe 3,"Brandungswalze ist die Signaturtechnik des Riffbrecher (Rammbastion). Sie greift direkt in Lenkung, Gegnerformation und Fahrzeugpanzerung ein."
Edda Falkenlicht,char_edda,0,keine,ab_char_edda_basic,Erzeugt ein kurzes Synergie-Fenster fuer naechste Duo-Technik.,Eddas Grundkette,"Schnelle Standardkombo, die Ressourcen erzeugt und den Charakterrhythmus lehrt. Spielt standhaft, taktisch, ehrenhart.",basic,Eidmarke,"[""Tank / Bannstandarte"", ""Eidmarke""]",Start,"Im Fahrzeug als kurzer Modul-Impuls ausgefuehrt, ohne den Fahrfluss zu stoppen."
Edda Falkenlicht,char_edda,4,keine,ab_char_edda_heavy,Erzeugt ein kurzes Synergie-Fenster fuer naechste Duo-Technik.,Eddas Brecher,"Langsamer, schwerer Treffer mit hohem Haltungs- und Fahrzeugpanzer-Schaden. Spielt standhaft, taktisch, ehrenhart.",heavy,Eidmarke,"[""Tank / Bannstandarte"", ""Eidmarke""]",Start,"Im Fahrzeug als kurzer Modul-Impuls ausgefuehrt, ohne den Fahrfluss zu stoppen."
Edda Falkenlicht,char_edda,8,1 Fokus,ab_char_edda_skill_1,"Wenn ein zweiter Spieler waehrend Bannstandarte ein passendes Statusfenster trifft, entsteht eine Combo-Variante mit Extra-Stagger.",Bannstandarte,"Bannstandarte ist eine Kerntechnik fuer Tank / Bannstandarte: sie setzt Eidmarke ein, verschiebt Positionen und oeffnet ein klares Zeitfenster fuer Finisher.",skill_1,Eidmarke,"[""Hochkamm der Eidwacht"", ""Eidmarke"", ""onfoot""]",Kapitel 5: Falken ohne Himmel / Bindung 1,"Im Eidpanzer wird Bannstandarte als Fahrzeugtechnik gelesen: kurzer Drift, Modulimpuls oder Bordwaffenfenster mit derselben Statuslogik."
Edda Falkenlicht,char_edda,12,2 Fokus,ab_char_edda_skill_2,"Wenn ein zweiter Spieler waehrend Falkenhieb ein passendes Statusfenster trifft, entsteht eine Combo-Variante mit Extra-Stagger.",Falkenhieb,"Falkenhieb ist eine Kerntechnik fuer Tank / Bannstandarte: sie setzt Eidmarke ein, verschiebt Positionen und oeffnet ein klares Zeitfenster fuer Finisher.",skill_2,Eidmarke,"[""Hochkamm der Eidwacht"", ""Eidmarke"", ""onfoot""]",Kapitel 5: Falken ohne Himmel / Bindung 1,"Im Eidpanzer wird Falkenhieb als Fahrzeugtechnik gelesen: kurzer Drift, Modulimpuls oder Bordwaffenfenster mit derselben Statuslogik."
Edda Falkenlicht,char_edda,16,1 Resonanz,ab_char_edda_skill_3,"Wenn ein zweiter Spieler waehrend Schildschwur ein passendes Statusfenster trifft, entsteht eine Combo-Variante mit Extra-Stagger.",Schildschwur,"Schildschwur ist eine Kerntechnik fuer Tank / Bannstandarte: sie setzt Eidmarke ein, verschiebt Positionen und oeffnet ein klares Zeitfenster fuer Finisher.",skill_3,Eidmarke,"[""Hochkamm der Eidwacht"", ""Eidmarke"", ""onfoot""]",Kapitel 5: Falken ohne Himmel / Bindung 2,"Im Eidpanzer wird Schildschwur als Fahrzeugtechnik gelesen: kurzer Drift, Modulimpuls oder Bordwaffenfenster mit derselben Statuslogik."
Edda Falkenlicht,char_edda,20,2 Resonanz,ab_char_edda_skill_4,"Wenn ein zweiter Spieler waehrend Urteilslinie ein passendes Statusfenster trifft, entsteht eine Combo-Variante mit Extra-Stagger.",Urteilslinie,"Urteilslinie ist eine Kerntechnik fuer Tank / Bannstandarte: sie setzt Eidmarke ein, verschiebt Positionen und oeffnet ein klares Zeitfenster fuer Finisher.",skill_4,Eidmarke,"[""Hochkamm der Eidwacht"", ""Eidmarke"", ""onfoot""]",Kapitel 5: Falken ohne Himmel / Bindung 3,"Im Eidpanzer wird Urteilslinie als Fahrzeugtechnik gelesen: kurzer Drift, Modulimpuls oder Bordwaffenfenster mit derselben Statuslogik."
Edda Falkenlicht,char_edda,90,volle Resonanz,ab_char_edda_ultimate,"Andere Spieler koennen innerhalb von 5 Sekunden einen Ultimate-Anker setzen, wodurch eine Konvoi-Ultimate entsteht.",Haus ohne Herren,"Ultimative Charaktertechnik: Haus ohne Herren verwandelt den persoenlichen Konflikt von Edda Falkenlicht in ein grosses Kampfereignis mit Schadens-, Kontroll- und Story-Callout.",ultimate,Eidmarke,"[""ultimate"", ""Eidmarke""]",Bindung 3 oder Story-Schluessel fuer Edda Falkenlicht,"Im Fahrzeug loest Haus ohne Herren einen Signatur-Overdrive des Eidpanzer aus, inklusive Spezialkamera und Teamfenster."
Edda Falkenlicht,char_edda,0,passiv,ab_char_edda_passive_1,"Wird im Koop geteilt, wenn die Bindung zwischen den Figuren hoch genug ist.",Narbeninstinkt,"Passiver Bonus, der Edda Falkenlichts Thema 'Adel, Pflicht, Gerechtigkeit' mechanisch spuerbar macht. Verbessert Ressourcenfluss, Reaktion auf Eidmarke und Dialog-/Questloesungen.",passive_1,Eidmarke,"[""passive""]",Talentreihe 1,"Gibt dem Eidpanzer einen kleinen, aber buildpraegenden Bonus."
Edda Falkenlicht,char_edda,0,passiv,ab_char_edda_passive_2,"Wird im Koop geteilt, wenn die Bindung zwischen den Figuren hoch genug ist.",Regionale Handschrift,"Passiver Bonus, der Edda Falkenlichts Thema 'Adel, Pflicht, Gerechtigkeit' mechanisch spuerbar macht. Verbessert Ressourcenfluss, Reaktion auf Eidmarke und Dialog-/Questloesungen.",passive_2,Eidmarke,"[""passive""]",Talentreihe 2,"Gibt dem Eidpanzer einen kleinen, aber buildpraegenden Bonus."
Edda Falkenlicht,char_edda,0,passiv,ab_char_edda_passive_3,"Wird im Koop geteilt, wenn die Bindung zwischen den Figuren hoch genug ist.",Bindungsschwur,"Passiver Bonus, der Edda Falkenlichts Thema 'Adel, Pflicht, Gerechtigkeit' mechanisch spuerbar macht. Verbessert Ressourcenfluss, Reaktion auf Eidmarke und Dialog-/Questloesungen.",passive_3,Eidmarke,"[""passive""]",Talentreihe 3,"Gibt dem Eidpanzer einen kleinen, aber buildpraegenden Bonus."
Edda Falkenlicht,char_edda,10,Hitze 20,ab_char_edda_vehicle_1,"Kann mit Ramme, Harpune, Schild oder Sigil eines anderen Fahrzeugs verkettet werden.",Eidschild,"Nicht zu Fuss nutzbar, aber kann durch Companion-Callout vorbereitet werden.",vehicle_skill_1,Eidmarke,"[""vehicle"", ""Konvoi-Schild"", ""Eidmarke""]",Eidpanzer Modulstufe 1,"Eidschild ist die Signaturtechnik des Eidpanzer (Konvoi-Schild). Sie greift direkt in Lenkung, Gegnerformation und Fahrzeugpanzerung ein."
Edda Falkenlicht,char_edda,18,Hitze 35,ab_char_edda_vehicle_2,"Kann mit Ramme, Harpune, Schild oder Sigil eines anderen Fahrzeugs verkettet werden.",Konvoiwand,"Nicht zu Fuss nutzbar, aber kann durch Companion-Callout vorbereitet werden.",vehicle_skill_2,Eidmarke,"[""vehicle"", ""Konvoi-Schild"", ""Eidmarke""]",Eidpanzer Modulstufe 2,"Konvoiwand ist die Signaturtechnik des Eidpanzer (Konvoi-Schild). Sie greift direkt in Lenkung, Gegnerformation und Fahrzeugpanzerung ein."
Edda Falkenlicht,char_edda,30,Resonanzkern,ab_char_edda_vehicle_3,"Kann mit Ramme, Harpune, Schild oder Sigil eines anderen Fahrzeugs verkettet werden.",Falkensturz,"Nicht zu Fuss nutzbar, aber kann durch Companion-Callout vorbereitet werden.",vehicle_skill_3,Eidmarke,"[""vehicle"", ""Konvoi-Schild"", ""Eidmarke""]",Eidpanzer Modulstufe 3,"Falkensturz ist die Signaturtechnik des Eidpanzer (Konvoi-Schild). Sie greift direkt in Lenkung, Gegnerformation und Fahrzeugpanzerung ein."
Kael Nhar,char_kael,0,keine,ab_char_kael_basic,Erzeugt ein kurzes Synergie-Fenster fuer naechste Duo-Technik.,Kaels Grundkette,"Schnelle Standardkombo, die Ressourcen erzeugt und den Charakterrhythmus lehrt. Spielt schmutzig, schnell, hinterhaeltig.",basic,Rostbruch,"[""Assassin / Debuffer"", ""Rostbruch""]",Start,"Im Fahrzeug als kurzer Modul-Impuls ausgefuehrt, ohne den Fahrfluss zu stoppen."
Kael Nhar,char_kael,4,keine,ab_char_kael_heavy,Erzeugt ein kurzes Synergie-Fenster fuer naechste Duo-Technik.,Kaels Brecher,"Langsamer, schwerer Treffer mit hohem Haltungs- und Fahrzeugpanzer-Schaden. Spielt schmutzig, schnell, hinterhaeltig.",heavy,Rostbruch,"[""Assassin / Debuffer"", ""Rostbruch""]",Start,"Im Fahrzeug als kurzer Modul-Impuls ausgefuehrt, ohne den Fahrfluss zu stoppen."
Kael Nhar,char_kael,8,1 Fokus,ab_char_kael_skill_1,"Wenn ein zweiter Spieler waehrend Schachtdolch ein passendes Statusfenster trifft, entsteht eine Combo-Variante mit Extra-Stagger.",Schachtdolch,"Schachtdolch ist eine Kerntechnik fuer Assassin / Debuffer: sie setzt Rostbruch ein, verschiebt Positionen und oeffnet ein klares Zeitfenster fuer Finisher.",skill_1,Rostbruch,"[""Dunkelgrund"", ""Rostbruch"", ""onfoot""]",Kapitel 6: Schacht Null / Bindung 1,"Im Schachtmaus wird Schachtdolch als Fahrzeugtechnik gelesen: kurzer Drift, Modulimpuls oder Bordwaffenfenster mit derselben Statuslogik."
Kael Nhar,char_kael,12,2 Fokus,ab_char_kael_skill_2,"Wenn ein zweiter Spieler waehrend Licht aus ein passendes Statusfenster trifft, entsteht eine Combo-Variante mit Extra-Stagger.",Licht aus,"Licht aus ist eine Kerntechnik fuer Assassin / Debuffer: sie setzt Rostbruch ein, verschiebt Positionen und oeffnet ein klares Zeitfenster fuer Finisher.",skill_2,Rostbruch,"[""Dunkelgrund"", ""Rostbruch"", ""onfoot""]",Kapitel 6: Schacht Null / Bindung 1,"Im Schachtmaus wird Licht aus als Fahrzeugtechnik gelesen: kurzer Drift, Modulimpuls oder Bordwaffenfenster mit derselben Statuslogik."
Kael Nhar,char_kael,16,1 Resonanz,ab_char_kael_skill_3,"Wenn ein zweiter Spieler waehrend Giftleine ein passendes Statusfenster trifft, entsteht eine Combo-Variante mit Extra-Stagger.",Giftleine,"Giftleine ist eine Kerntechnik fuer Assassin / Debuffer: sie setzt Rostbruch ein, verschiebt Positionen und oeffnet ein klares Zeitfenster fuer Finisher.",skill_3,Rostbruch,"[""Dunkelgrund"", ""Rostbruch"", ""onfoot""]",Kapitel 6: Schacht Null / Bindung 2,"Im Schachtmaus wird Giftleine als Fahrzeugtechnik gelesen: kurzer Drift, Modulimpuls oder Bordwaffenfenster mit derselben Statuslogik."
Kael Nhar,char_kael,20,2 Resonanz,ab_char_kael_skill_4,"Wenn ein zweiter Spieler waehrend Rueckgratfinder ein passendes Statusfenster trifft, entsteht eine Combo-Variante mit Extra-Stagger.",Rueckgratfinder,"Rueckgratfinder ist eine Kerntechnik fuer Assassin / Debuffer: sie setzt Rostbruch ein, verschiebt Positionen und oeffnet ein klares Zeitfenster fuer Finisher.",skill_4,Rostbruch,"[""Dunkelgrund"", ""Rostbruch"", ""onfoot""]",Kapitel 6: Schacht Null / Bindung 3,"Im Schachtmaus wird Rueckgratfinder als Fahrzeugtechnik gelesen: kurzer Drift, Modulimpuls oder Bordwaffenfenster mit derselben Statuslogik."
Kael Nhar,char_kael,90,volle Resonanz,ab_char_kael_ultimate,"Andere Spieler koennen innerhalb von 5 Sekunden einen Ultimate-Anker setzen, wodurch eine Konvoi-Ultimate entsteht.",Niemand zahlt fuer mich,"Ultimative Charaktertechnik: Niemand zahlt fuer mich verwandelt den persoenlichen Konflikt von Kael Nhar in ein grosses Kampfereignis mit Schadens-, Kontroll- und Story-Callout.",ultimate,Rostbruch,"[""ultimate"", ""Rostbruch""]",Bindung 3 oder Story-Schluessel fuer Kael Nhar,"Im Fahrzeug loest Niemand zahlt fuer mich einen Signatur-Overdrive des Schachtmaus aus, inklusive Spezialkamera und Teamfenster."
Kael Nhar,char_kael,0,passiv,ab_char_kael_passive_1,"Wird im Koop geteilt, wenn die Bindung zwischen den Figuren hoch genug ist.",Narbeninstinkt,"Passiver Bonus, der Kael Nhars Thema 'Ueberleben, Verrat, Opfer' mechanisch spuerbar macht. Verbessert Ressourcenfluss, Reaktion auf Rostbruch und Dialog-/Questloesungen.",passive_1,Rostbruch,"[""passive""]",Talentreihe 1,"Gibt dem Schachtmaus einen kleinen, aber buildpraegenden Bonus."
Kael Nhar,char_kael,0,passiv,ab_char_kael_passive_2,"Wird im Koop geteilt, wenn die Bindung zwischen den Figuren hoch genug ist.",Regionale Handschrift,"Passiver Bonus, der Kael Nhars Thema 'Ueberleben, Verrat, Opfer' mechanisch spuerbar macht. Verbessert Ressourcenfluss, Reaktion auf Rostbruch und Dialog-/Questloesungen.",passive_2,Rostbruch,"[""passive""]",Talentreihe 2,"Gibt dem Schachtmaus einen kleinen, aber buildpraegenden Bonus."
Kael Nhar,char_kael,0,passiv,ab_char_kael_passive_3,"Wird im Koop geteilt, wenn die Bindung zwischen den Figuren hoch genug ist.",Bindungsschwur,"Passiver Bonus, der Kael Nhars Thema 'Ueberleben, Verrat, Opfer' mechanisch spuerbar macht. Verbessert Ressourcenfluss, Reaktion auf Rostbruch und Dialog-/Questloesungen.",passive_3,Rostbruch,"[""passive""]",Talentreihe 3,"Gibt dem Schachtmaus einen kleinen, aber buildpraegenden Bonus."
Kael Nhar,char_kael,10,Hitze 20,ab_char_kael_vehicle_1,"Kann mit Ramme, Harpune, Schild oder Sigil eines anderen Fahrzeugs verkettet werden.",Tunnelhaken,"Nicht zu Fuss nutzbar, aber kann durch Companion-Callout vorbereitet werden.",vehicle_skill_1,Rostbruch,"[""vehicle"", ""Tunnel-Sprinter"", ""Rostbruch""]",Schachtmaus Modulstufe 1,"Tunnelhaken ist die Signaturtechnik des Schachtmaus (Tunnel-Sprinter). Sie greift direkt in Lenkung, Gegnerformation und Fahrzeugpanzerung ein."
Kael Nhar,char_kael,18,Hitze 35,ab_char_kael_vehicle_2,"Kann mit Ramme, Harpune, Schild oder Sigil eines anderen Fahrzeugs verkettet werden.",Schrottnebel,"Nicht zu Fuss nutzbar, aber kann durch Companion-Callout vorbereitet werden.",vehicle_skill_2,Rostbruch,"[""vehicle"", ""Tunnel-Sprinter"", ""Rostbruch""]",Schachtmaus Modulstufe 2,"Schrottnebel ist die Signaturtechnik des Schachtmaus (Tunnel-Sprinter). Sie greift direkt in Lenkung, Gegnerformation und Fahrzeugpanzerung ein."
Kael Nhar,char_kael,30,Resonanzkern,ab_char_kael_vehicle_3,"Kann mit Ramme, Harpune, Schild oder Sigil eines anderen Fahrzeugs verkettet werden.",Klingenreifen,"Nicht zu Fuss nutzbar, aber kann durch Companion-Callout vorbereitet werden.",vehicle_skill_3,Rostbruch,"[""vehicle"", ""Tunnel-Sprinter"", ""Rostbruch""]",Schachtmaus Modulstufe 3,"Klingenreifen ist die Signaturtechnik des Schachtmaus (Tunnel-Sprinter). Sie greift direkt in Lenkung, Gegnerformation und Fahrzeugpanzerung ein."
Oren Vale,char_oren,0,keine,ab_char_oren_basic,Erzeugt ein kurzes Synergie-Fenster fuer naechste Duo-Technik.,Orens Grundkette,"Schnelle Standardkombo, die Ressourcen erzeugt und den Charakterrhythmus lehrt. Spielt ruhig, schuetzend, unbequem mutig.",basic,Wundlicht,"[""Support / Heiler-Monk"", ""Wundlicht""]",Start,"Im Fahrzeug als kurzer Modul-Impuls ausgefuehrt, ohne den Fahrfluss zu stoppen."
Oren Vale,char_oren,4,keine,ab_char_oren_heavy,Erzeugt ein kurzes Synergie-Fenster fuer naechste Duo-Technik.,Orens Brecher,"Langsamer, schwerer Treffer mit hohem Haltungs- und Fahrzeugpanzer-Schaden. Spielt ruhig, schuetzend, unbequem mutig.",heavy,Wundlicht,"[""Support / Heiler-Monk"", ""Wundlicht""]",Start,"Im Fahrzeug als kurzer Modul-Impuls ausgefuehrt, ohne den Fahrfluss zu stoppen."
Oren Vale,char_oren,8,1 Fokus,ab_char_oren_skill_1,"Wenn ein zweiter Spieler waehrend Kettengebet ein passendes Statusfenster trifft, entsteht eine Combo-Variante mit Extra-Stagger.",Kettengebet,"Kettengebet ist eine Kerntechnik fuer Support / Heiler-Monk: sie setzt Wundlicht ein, verschiebt Positionen und oeffnet ein klares Zeitfenster fuer Finisher.",skill_1,Wundlicht,"[""Hochkamm"", ""Wundlicht"", ""onfoot""]","Kapitel 5 optional, voll ab Post-20h / Bindung 1","Im Pilgerglocke wird Kettengebet als Fahrzeugtechnik gelesen: kurzer Drift, Modulimpuls oder Bordwaffenfenster mit derselben Statuslogik."
Oren Vale,char_oren,12,2 Fokus,ab_char_oren_skill_2,"Wenn ein zweiter Spieler waehrend Wardkreis ein passendes Statusfenster trifft, entsteht eine Combo-Variante mit Extra-Stagger.",Wardkreis,"Wardkreis ist eine Kerntechnik fuer Support / Heiler-Monk: sie setzt Wundlicht ein, verschiebt Positionen und oeffnet ein klares Zeitfenster fuer Finisher.",skill_2,Wundlicht,"[""Hochkamm"", ""Wundlicht"", ""onfoot""]","Kapitel 5 optional, voll ab Post-20h / Bindung 1","Im Pilgerglocke wird Wardkreis als Fahrzeugtechnik gelesen: kurzer Drift, Modulimpuls oder Bordwaffenfenster mit derselben Statuslogik."
Oren Vale,char_oren,16,1 Resonanz,ab_char_oren_skill_3,"Wenn ein zweiter Spieler waehrend Sanfter Bruch ein passendes Statusfenster trifft, entsteht eine Combo-Variante mit Extra-Stagger.",Sanfter Bruch,"Sanfter Bruch ist eine Kerntechnik fuer Support / Heiler-Monk: sie setzt Wundlicht ein, verschiebt Positionen und oeffnet ein klares Zeitfenster fuer Finisher.",skill_3,Wundlicht,"[""Hochkamm"", ""Wundlicht"", ""onfoot""]","Kapitel 5 optional, voll ab Post-20h / Bindung 2","Im Pilgerglocke wird Sanfter Bruch als Fahrzeugtechnik gelesen: kurzer Drift, Modulimpuls oder Bordwaffenfenster mit derselben Statuslogik."
Oren Vale,char_oren,20,2 Resonanz,ab_char_oren_skill_4,"Wenn ein zweiter Spieler waehrend Friedensschlag ein passendes Statusfenster trifft, entsteht eine Combo-Variante mit Extra-Stagger.",Friedensschlag,"Friedensschlag ist eine Kerntechnik fuer Support / Heiler-Monk: sie setzt Wundlicht ein, verschiebt Positionen und oeffnet ein klares Zeitfenster fuer Finisher.",skill_4,Wundlicht,"[""Hochkamm"", ""Wundlicht"", ""onfoot""]","Kapitel 5 optional, voll ab Post-20h / Bindung 3","Im Pilgerglocke wird Friedensschlag als Fahrzeugtechnik gelesen: kurzer Drift, Modulimpuls oder Bordwaffenfenster mit derselben Statuslogik."
Oren Vale,char_oren,90,volle Resonanz,ab_char_oren_ultimate,"Andere Spieler koennen innerhalb von 5 Sekunden einen Ultimate-Anker setzen, wodurch eine Konvoi-Ultimate entsteht.",Barmherzigkeit steht,"Ultimative Charaktertechnik: Barmherzigkeit steht verwandelt den persoenlichen Konflikt von Oren Vale in ein grosses Kampfereignis mit Schadens-, Kontroll- und Story-Callout.",ultimate,Wundlicht,"[""ultimate"", ""Wundlicht""]",Bindung 3 oder Story-Schluessel fuer Oren Vale,"Im Fahrzeug loest Barmherzigkeit steht einen Signatur-Overdrive des Pilgerglocke aus, inklusive Spezialkamera und Teamfenster."
Oren Vale,char_oren,0,passiv,ab_char_oren_passive_1,"Wird im Koop geteilt, wenn die Bindung zwischen den Figuren hoch genug ist.",Narbeninstinkt,"Passiver Bonus, der Oren Vales Thema 'Barmherzigkeit ohne Feigheit' mechanisch spuerbar macht. Verbessert Ressourcenfluss, Reaktion auf Wundlicht und Dialog-/Questloesungen.",passive_1,Wundlicht,"[""passive""]",Talentreihe 1,"Gibt dem Pilgerglocke einen kleinen, aber buildpraegenden Bonus."
Oren Vale,char_oren,0,passiv,ab_char_oren_passive_2,"Wird im Koop geteilt, wenn die Bindung zwischen den Figuren hoch genug ist.",Regionale Handschrift,"Passiver Bonus, der Oren Vales Thema 'Barmherzigkeit ohne Feigheit' mechanisch spuerbar macht. Verbessert Ressourcenfluss, Reaktion auf Wundlicht und Dialog-/Questloesungen.",passive_2,Wundlicht,"[""passive""]",Talentreihe 2,"Gibt dem Pilgerglocke einen kleinen, aber buildpraegenden Bonus."
Oren Vale,char_oren,0,passiv,ab_char_oren_passive_3,"Wird im Koop geteilt, wenn die Bindung zwischen den Figuren hoch genug ist.",Bindungsschwur,"Passiver Bonus, der Oren Vales Thema 'Barmherzigkeit ohne Feigheit' mechanisch spuerbar macht. Verbessert Ressourcenfluss, Reaktion auf Wundlicht und Dialog-/Questloesungen.",passive_3,Wundlicht,"[""passive""]",Talentreihe 3,"Gibt dem Pilgerglocke einen kleinen, aber buildpraegenden Bonus."
Oren Vale,char_oren,10,Hitze 20,ab_char_oren_vehicle_1,"Kann mit Ramme, Harpune, Schild oder Sigil eines anderen Fahrzeugs verkettet werden.",Heilglocke,"Nicht zu Fuss nutzbar, aber kann durch Companion-Callout vorbereitet werden.",vehicle_skill_1,Wundlicht,"[""vehicle"", ""Support-Kutsche"", ""Wundlicht""]",Pilgerglocke Modulstufe 1,"Heilglocke ist die Signaturtechnik des Pilgerglocke (Support-Kutsche). Sie greift direkt in Lenkung, Gegnerformation und Fahrzeugpanzerung ein."
Oren Vale,char_oren,18,Hitze 35,ab_char_oren_vehicle_2,"Kann mit Ramme, Harpune, Schild oder Sigil eines anderen Fahrzeugs verkettet werden.",Pilgerschild,"Nicht zu Fuss nutzbar, aber kann durch Companion-Callout vorbereitet werden.",vehicle_skill_2,Wundlicht,"[""vehicle"", ""Support-Kutsche"", ""Wundlicht""]",Pilgerglocke Modulstufe 2,"Pilgerschild ist die Signaturtechnik des Pilgerglocke (Support-Kutsche). Sie greift direkt in Lenkung, Gegnerformation und Fahrzeugpanzerung ein."
Oren Vale,char_oren,30,Resonanzkern,ab_char_oren_vehicle_3,"Kann mit Ramme, Harpune, Schild oder Sigil eines anderen Fahrzeugs verkettet werden.",Rettungsleine,"Nicht zu Fuss nutzbar, aber kann durch Companion-Callout vorbereitet werden.",vehicle_skill_3,Wundlicht,"[""vehicle"", ""Support-Kutsche"", ""Wundlicht""]",Pilgerglocke Modulstufe 3,"Rettungsleine ist die Signaturtechnik des Pilgerglocke (Support-Kutsche). Sie greift direkt in Lenkung, Gegnerformation und Fahrzeugpanzerung ein."
Yara Kest,char_yara,0,keine,ab_char_yara_basic,Erzeugt ein kurzes Synergie-Fenster fuer naechste Duo-Technik.,Yaras Grundkette,"Schnelle Standardkombo, die Ressourcen erzeugt und den Charakterrhythmus lehrt. Spielt technisch, aufladend, improvisierend.",basic,Ueberladung,"[""Engineer / Drohnenkern"", ""Ueberladung""]",Start,"Im Fahrzeug als kurzer Modul-Impuls ausgefuehrt, ohne den Fahrfluss zu stoppen."
Yara Kest,char_yara,4,keine,ab_char_yara_heavy,Erzeugt ein kurzes Synergie-Fenster fuer naechste Duo-Technik.,Yaras Brecher,"Langsamer, schwerer Treffer mit hohem Haltungs- und Fahrzeugpanzer-Schaden. Spielt technisch, aufladend, improvisierend.",heavy,Ueberladung,"[""Engineer / Drohnenkern"", ""Ueberladung""]",Start,"Im Fahrzeug als kurzer Modul-Impuls ausgefuehrt, ohne den Fahrfluss zu stoppen."
Yara Kest,char_yara,8,1 Fokus,ab_char_yara_skill_1,"Wenn ein zweiter Spieler waehrend Hammerladung ein passendes Statusfenster trifft, entsteht eine Combo-Variante mit Extra-Stagger.",Hammerladung,"Hammerladung ist eine Kerntechnik fuer Engineer / Drohnenkern: sie setzt Ueberladung ein, verschiebt Positionen und oeffnet ein klares Zeitfenster fuer Finisher.",skill_1,Ueberladung,"[""Eisenbrandkueste"", ""Ueberladung"", ""onfoot""]",Post-20h: Aschdock-Rebellion / Bindung 1,"Im Kranhexe wird Hammerladung als Fahrzeugtechnik gelesen: kurzer Drift, Modulimpuls oder Bordwaffenfenster mit derselben Statuslogik."
Yara Kest,char_yara,12,2 Fokus,ab_char_yara_skill_2,"Wenn ein zweiter Spieler waehrend Drohnenbiss ein passendes Statusfenster trifft, entsteht eine Combo-Variante mit Extra-Stagger.",Drohnenbiss,"Drohnenbiss ist eine Kerntechnik fuer Engineer / Drohnenkern: sie setzt Ueberladung ein, verschiebt Positionen und oeffnet ein klares Zeitfenster fuer Finisher.",skill_2,Ueberladung,"[""Eisenbrandkueste"", ""Ueberladung"", ""onfoot""]",Post-20h: Aschdock-Rebellion / Bindung 1,"Im Kranhexe wird Drohnenbiss als Fahrzeugtechnik gelesen: kurzer Drift, Modulimpuls oder Bordwaffenfenster mit derselben Statuslogik."
Yara Kest,char_yara,16,1 Resonanz,ab_char_yara_skill_3,"Wenn ein zweiter Spieler waehrend Nietregen ein passendes Statusfenster trifft, entsteht eine Combo-Variante mit Extra-Stagger.",Nietregen,"Nietregen ist eine Kerntechnik fuer Engineer / Drohnenkern: sie setzt Ueberladung ein, verschiebt Positionen und oeffnet ein klares Zeitfenster fuer Finisher.",skill_3,Ueberladung,"[""Eisenbrandkueste"", ""Ueberladung"", ""onfoot""]",Post-20h: Aschdock-Rebellion / Bindung 2,"Im Kranhexe wird Nietregen als Fahrzeugtechnik gelesen: kurzer Drift, Modulimpuls oder Bordwaffenfenster mit derselben Statuslogik."
Yara Kest,char_yara,20,2 Resonanz,ab_char_yara_skill_4,"Wenn ein zweiter Spieler waehrend Kesseltritt ein passendes Statusfenster trifft, entsteht eine Combo-Variante mit Extra-Stagger.",Kesseltritt,"Kesseltritt ist eine Kerntechnik fuer Engineer / Drohnenkern: sie setzt Ueberladung ein, verschiebt Positionen und oeffnet ein klares Zeitfenster fuer Finisher.",skill_4,Ueberladung,"[""Eisenbrandkueste"", ""Ueberladung"", ""onfoot""]",Post-20h: Aschdock-Rebellion / Bindung 3,"Im Kranhexe wird Kesseltritt als Fahrzeugtechnik gelesen: kurzer Drift, Modulimpuls oder Bordwaffenfenster mit derselben Statuslogik."
Yara Kest,char_yara,90,volle Resonanz,ab_char_yara_ultimate,"Andere Spieler koennen innerhalb von 5 Sekunden einen Ultimate-Anker setzen, wodurch eine Konvoi-Ultimate entsteht.",Die Werft erhebt sich,"Ultimative Charaktertechnik: Die Werft erhebt sich verwandelt den persoenlichen Konflikt von Yara Kest in ein grosses Kampfereignis mit Schadens-, Kontroll- und Story-Callout.",ultimate,Ueberladung,"[""ultimate"", ""Ueberladung""]",Bindung 3 oder Story-Schluessel fuer Yara Kest,"Im Fahrzeug loest Die Werft erhebt sich einen Signatur-Overdrive des Kranhexe aus, inklusive Spezialkamera und Teamfenster."
Yara Kest,char_yara,0,passiv,ab_char_yara_passive_1,"Wird im Koop geteilt, wenn die Bindung zwischen den Figuren hoch genug ist.",Narbeninstinkt,"Passiver Bonus, der Yara Kests Thema 'Arbeit, Erfindung, Aufstand' mechanisch spuerbar macht. Verbessert Ressourcenfluss, Reaktion auf Ueberladung und Dialog-/Questloesungen.",passive_1,Ueberladung,"[""passive""]",Talentreihe 1,"Gibt dem Kranhexe einen kleinen, aber buildpraegenden Bonus."
Yara Kest,char_yara,0,passiv,ab_char_yara_passive_2,"Wird im Koop geteilt, wenn die Bindung zwischen den Figuren hoch genug ist.",Regionale Handschrift,"Passiver Bonus, der Yara Kests Thema 'Arbeit, Erfindung, Aufstand' mechanisch spuerbar macht. Verbessert Ressourcenfluss, Reaktion auf Ueberladung und Dialog-/Questloesungen.",passive_2,Ueberladung,"[""passive""]",Talentreihe 2,"Gibt dem Kranhexe einen kleinen, aber buildpraegenden Bonus."
Yara Kest,char_yara,0,passiv,ab_char_yara_passive_3,"Wird im Koop geteilt, wenn die Bindung zwischen den Figuren hoch genug ist.",Bindungsschwur,"Passiver Bonus, der Yara Kests Thema 'Arbeit, Erfindung, Aufstand' mechanisch spuerbar macht. Verbessert Ressourcenfluss, Reaktion auf Ueberladung und Dialog-/Questloesungen.",passive_3,Ueberladung,"[""passive""]",Talentreihe 3,"Gibt dem Kranhexe einen kleinen, aber buildpraegenden Bonus."
Yara Kest,char_yara,10,Hitze 20,ab_char_yara_vehicle_1,"Kann mit Ramme, Harpune, Schild oder Sigil eines anderen Fahrzeugs verkettet werden.",Kranarm,"Nicht zu Fuss nutzbar, aber kann durch Companion-Callout vorbereitet werden.",vehicle_skill_1,Ueberladung,"[""vehicle"", ""Werkstatt-Rig"", ""Ueberladung""]",Kranhexe Modulstufe 1,"Kranarm ist die Signaturtechnik des Kranhexe (Werkstatt-Rig). Sie greift direkt in Lenkung, Gegnerformation und Fahrzeugpanzerung ein."
Yara Kest,char_yara,18,Hitze 35,ab_char_yara_vehicle_2,"Kann mit Ramme, Harpune, Schild oder Sigil eines anderen Fahrzeugs verkettet werden.",Reparaturfeld,"Nicht zu Fuss nutzbar, aber kann durch Companion-Callout vorbereitet werden.",vehicle_skill_2,Ueberladung,"[""vehicle"", ""Werkstatt-Rig"", ""Ueberladung""]",Kranhexe Modulstufe 2,"Reparaturfeld ist die Signaturtechnik des Kranhexe (Werkstatt-Rig). Sie greift direkt in Lenkung, Gegnerformation und Fahrzeugpanzerung ein."
Yara Kest,char_yara,30,Resonanzkern,ab_char_yara_vehicle_3,"Kann mit Ramme, Harpune, Schild oder Sigil eines anderen Fahrzeugs verkettet werden.",Schlackewerfer,"Nicht zu Fuss nutzbar, aber kann durch Companion-Callout vorbereitet werden.",vehicle_skill_3,Ueberladung,"[""vehicle"", ""Werkstatt-Rig"", ""Ueberladung""]",Kranhexe Modulstufe 3,"Schlackewerfer ist die Signaturtechnik des Kranhexe (Werkstatt-Rig). Sie greift direkt in Lenkung, Gegnerformation und Fahrzeugpanzerung ein."
Neris Vael,char_neris,0,keine,ab_char_neris_basic,Erzeugt ein kurzes Synergie-Fenster fuer naechste Duo-Technik.,Neriss Grundkette,"Schnelle Standardkombo, die Ressourcen erzeugt und den Charakterrhythmus lehrt. Spielt zerbrechlich, unheimlich, explosiv.",basic,Echohunger,"[""Echo-Mage / Opfermagie"", ""Echohunger""]",Start,"Im Fahrzeug als kurzer Modul-Impuls ausgefuehrt, ohne den Fahrfluss zu stoppen."
Neris Vael,char_neris,4,keine,ab_char_neris_heavy,Erzeugt ein kurzes Synergie-Fenster fuer naechste Duo-Technik.,Neriss Brecher,"Langsamer, schwerer Treffer mit hohem Haltungs- und Fahrzeugpanzer-Schaden. Spielt zerbrechlich, unheimlich, explosiv.",heavy,Echohunger,"[""Echo-Mage / Opfermagie"", ""Echohunger""]",Start,"Im Fahrzeug als kurzer Modul-Impuls ausgefuehrt, ohne den Fahrfluss zu stoppen."
Neris Vael,char_neris,8,1 Fokus,ab_char_neris_skill_1,"Wenn ein zweiter Spieler waehrend Echozunge ein passendes Statusfenster trifft, entsteht eine Combo-Variante mit Extra-Stagger.",Echozunge,"Echozunge ist eine Kerntechnik fuer Echo-Mage / Opfermagie: sie setzt Echohunger ein, verschiebt Positionen und oeffnet ein klares Zeitfenster fuer Finisher.",skill_1,Echohunger,"[""Scherbenkrone/Wurzelwald"", ""Echohunger"", ""onfoot""]",Post-20h: Stimme im Glas Nachhall / Bindung 1,"Im Traumsaege wird Echozunge als Fahrzeugtechnik gelesen: kurzer Drift, Modulimpuls oder Bordwaffenfenster mit derselben Statuslogik."
Neris Vael,char_neris,12,2 Fokus,ab_char_neris_skill_2,"Wenn ein zweiter Spieler waehrend Fremder Schmerz ein passendes Statusfenster trifft, entsteht eine Combo-Variante mit Extra-Stagger.",Fremder Schmerz,"Fremder Schmerz ist eine Kerntechnik fuer Echo-Mage / Opfermagie: sie setzt Echohunger ein, verschiebt Positionen und oeffnet ein klares Zeitfenster fuer Finisher.",skill_2,Echohunger,"[""Scherbenkrone/Wurzelwald"", ""Echohunger"", ""onfoot""]",Post-20h: Stimme im Glas Nachhall / Bindung 1,"Im Traumsaege wird Fremder Schmerz als Fahrzeugtechnik gelesen: kurzer Drift, Modulimpuls oder Bordwaffenfenster mit derselben Statuslogik."
Neris Vael,char_neris,16,1 Resonanz,ab_char_neris_skill_3,"Wenn ein zweiter Spieler waehrend Sichelkreis ein passendes Statusfenster trifft, entsteht eine Combo-Variante mit Extra-Stagger.",Sichelkreis,"Sichelkreis ist eine Kerntechnik fuer Echo-Mage / Opfermagie: sie setzt Echohunger ein, verschiebt Positionen und oeffnet ein klares Zeitfenster fuer Finisher.",skill_3,Echohunger,"[""Scherbenkrone/Wurzelwald"", ""Echohunger"", ""onfoot""]",Post-20h: Stimme im Glas Nachhall / Bindung 2,"Im Traumsaege wird Sichelkreis als Fahrzeugtechnik gelesen: kurzer Drift, Modulimpuls oder Bordwaffenfenster mit derselben Statuslogik."
Neris Vael,char_neris,20,2 Resonanz,ab_char_neris_skill_4,"Wenn ein zweiter Spieler waehrend Erinnerungsriss ein passendes Statusfenster trifft, entsteht eine Combo-Variante mit Extra-Stagger.",Erinnerungsriss,"Erinnerungsriss ist eine Kerntechnik fuer Echo-Mage / Opfermagie: sie setzt Echohunger ein, verschiebt Positionen und oeffnet ein klares Zeitfenster fuer Finisher.",skill_4,Echohunger,"[""Scherbenkrone/Wurzelwald"", ""Echohunger"", ""onfoot""]",Post-20h: Stimme im Glas Nachhall / Bindung 3,"Im Traumsaege wird Erinnerungsriss als Fahrzeugtechnik gelesen: kurzer Drift, Modulimpuls oder Bordwaffenfenster mit derselben Statuslogik."
Neris Vael,char_neris,90,volle Resonanz,ab_char_neris_ultimate,"Andere Spieler koennen innerhalb von 5 Sekunden einen Ultimate-Anker setzen, wodurch eine Konvoi-Ultimate entsteht.",Ich bin nicht sie,"Ultimative Charaktertechnik: Ich bin nicht sie verwandelt den persoenlichen Konflikt von Neris Vael in ein grosses Kampfereignis mit Schadens-, Kontroll- und Story-Callout.",ultimate,Echohunger,"[""ultimate"", ""Echohunger""]",Bindung 3 oder Story-Schluessel fuer Neris Vael,"Im Fahrzeug loest Ich bin nicht sie einen Signatur-Overdrive des Traumsaege aus, inklusive Spezialkamera und Teamfenster."
Neris Vael,char_neris,0,passiv,ab_char_neris_passive_1,"Wird im Koop geteilt, wenn die Bindung zwischen den Figuren hoch genug ist.",Narbeninstinkt,"Passiver Bonus, der Neris Vaels Thema 'Identitaet, fremde Erinnerung, Selbstbestimmung' mechanisch spuerbar macht. Verbessert Ressourcenfluss, Reaktion auf Echohunger und Dialog-/Questloesungen.",passive_1,Echohunger,"[""passive""]",Talentreihe 1,"Gibt dem Traumsaege einen kleinen, aber buildpraegenden Bonus."
Neris Vael,char_neris,0,passiv,ab_char_neris_passive_2,"Wird im Koop geteilt, wenn die Bindung zwischen den Figuren hoch genug ist.",Regionale Handschrift,"Passiver Bonus, der Neris Vaels Thema 'Identitaet, fremde Erinnerung, Selbstbestimmung' mechanisch spuerbar macht. Verbessert Ressourcenfluss, Reaktion auf Echohunger und Dialog-/Questloesungen.",passive_2,Echohunger,"[""passive""]",Talentreihe 2,"Gibt dem Traumsaege einen kleinen, aber buildpraegenden Bonus."
Neris Vael,char_neris,0,passiv,ab_char_neris_passive_3,"Wird im Koop geteilt, wenn die Bindung zwischen den Figuren hoch genug ist.",Bindungsschwur,"Passiver Bonus, der Neris Vaels Thema 'Identitaet, fremde Erinnerung, Selbstbestimmung' mechanisch spuerbar macht. Verbessert Ressourcenfluss, Reaktion auf Echohunger und Dialog-/Questloesungen.",passive_3,Echohunger,"[""passive""]",Talentreihe 3,"Gibt dem Traumsaege einen kleinen, aber buildpraegenden Bonus."
Neris Vael,char_neris,10,Hitze 20,ab_char_neris_vehicle_1,"Kann mit Ramme, Harpune, Schild oder Sigil eines anderen Fahrzeugs verkettet werden.",Traumspur,"Nicht zu Fuss nutzbar, aber kann durch Companion-Callout vorbereitet werden.",vehicle_skill_1,Echohunger,"[""vehicle"", ""Echo-Risslaeufer"", ""Echohunger""]",Traumsaege Modulstufe 1,"Traumspur ist die Signaturtechnik des Traumsaege (Echo-Risslaeufer). Sie greift direkt in Lenkung, Gegnerformation und Fahrzeugpanzerung ein."
Neris Vael,char_neris,18,Hitze 35,ab_char_neris_vehicle_2,"Kann mit Ramme, Harpune, Schild oder Sigil eines anderen Fahrzeugs verkettet werden.",Echoportal,"Nicht zu Fuss nutzbar, aber kann durch Companion-Callout vorbereitet werden.",vehicle_skill_2,Echohunger,"[""vehicle"", ""Echo-Risslaeufer"", ""Echohunger""]",Traumsaege Modulstufe 2,"Echoportal ist die Signaturtechnik des Traumsaege (Echo-Risslaeufer). Sie greift direkt in Lenkung, Gegnerformation und Fahrzeugpanzerung ein."
Neris Vael,char_neris,30,Resonanzkern,ab_char_neris_vehicle_3,"Kann mit Ramme, Harpune, Schild oder Sigil eines anderen Fahrzeugs verkettet werden.",Seelenmotor,"Nicht zu Fuss nutzbar, aber kann durch Companion-Callout vorbereitet werden.",vehicle_skill_3,Echohunger,"[""vehicle"", ""Echo-Risslaeufer"", ""Echohunger""]",Traumsaege Modulstufe 3,"Seelenmotor ist die Signaturtechnik des Traumsaege (Echo-Risslaeufer). Sie greift direkt in Lenkung, Gegnerformation und Fahrzeugpanzerung ein."
Velka Sturmtritt,char_velka,0,keine,ab_char_velka_basic,Erzeugt ein kurzes Synergie-Fenster fuer naechste Duo-Technik.,Velkas Grundkette,"Schnelle Standardkombo, die Ressourcen erzeugt und den Charakterrhythmus lehrt. Spielt verfolgend, kontrollierend, gnadenlos praezise.",basic,Sturmjagd,"[""Lancer / Verfolgerin"", ""Sturmjagd""]",Start,"Im Fahrzeug als kurzer Modul-Impuls ausgefuehrt, ohne den Fahrfluss zu stoppen."
Velka Sturmtritt,char_velka,4,keine,ab_char_velka_heavy,Erzeugt ein kurzes Synergie-Fenster fuer naechste Duo-Technik.,Velkas Brecher,"Langsamer, schwerer Treffer mit hohem Haltungs- und Fahrzeugpanzer-Schaden. Spielt verfolgend, kontrollierend, gnadenlos praezise.",heavy,Sturmjagd,"[""Lancer / Verfolgerin"", ""Sturmjagd""]",Start,"Im Fahrzeug als kurzer Modul-Impuls ausgefuehrt, ohne den Fahrfluss zu stoppen."
Velka Sturmtritt,char_velka,8,1 Fokus,ab_char_velka_skill_1,"Wenn ein zweiter Spieler waehrend Sturmlanze ein passendes Statusfenster trifft, entsteht eine Combo-Variante mit Extra-Stagger.",Sturmlanze,"Sturmlanze ist eine Kerntechnik fuer Lancer / Verfolgerin: sie setzt Sturmjagd ein, verschiebt Positionen und oeffnet ein klares Zeitfenster fuer Finisher.",skill_1,Sturmjagd,"[""Graumarsch/Eisenbrandkueste"", ""Sturmjagd"", ""onfoot""]",Post-20h: Kein Grab fuer Sturmreiter / Bindung 1,"Im Sturmwidder wird Sturmlanze als Fahrzeugtechnik gelesen: kurzer Drift, Modulimpuls oder Bordwaffenfenster mit derselben Statuslogik."
Velka Sturmtritt,char_velka,12,2 Fokus,ab_char_velka_skill_2,"Wenn ein zweiter Spieler waehrend Reiterleine ein passendes Statusfenster trifft, entsteht eine Combo-Variante mit Extra-Stagger.",Reiterleine,"Reiterleine ist eine Kerntechnik fuer Lancer / Verfolgerin: sie setzt Sturmjagd ein, verschiebt Positionen und oeffnet ein klares Zeitfenster fuer Finisher.",skill_2,Sturmjagd,"[""Graumarsch/Eisenbrandkueste"", ""Sturmjagd"", ""onfoot""]",Post-20h: Kein Grab fuer Sturmreiter / Bindung 1,"Im Sturmwidder wird Reiterleine als Fahrzeugtechnik gelesen: kurzer Drift, Modulimpuls oder Bordwaffenfenster mit derselben Statuslogik."
Velka Sturmtritt,char_velka,16,1 Resonanz,ab_char_velka_skill_3,"Wenn ein zweiter Spieler waehrend Weitwurf ein passendes Statusfenster trifft, entsteht eine Combo-Variante mit Extra-Stagger.",Weitwurf,"Weitwurf ist eine Kerntechnik fuer Lancer / Verfolgerin: sie setzt Sturmjagd ein, verschiebt Positionen und oeffnet ein klares Zeitfenster fuer Finisher.",skill_3,Sturmjagd,"[""Graumarsch/Eisenbrandkueste"", ""Sturmjagd"", ""onfoot""]",Post-20h: Kein Grab fuer Sturmreiter / Bindung 2,"Im Sturmwidder wird Weitwurf als Fahrzeugtechnik gelesen: kurzer Drift, Modulimpuls oder Bordwaffenfenster mit derselben Statuslogik."
Velka Sturmtritt,char_velka,20,2 Resonanz,ab_char_velka_skill_4,"Wenn ein zweiter Spieler waehrend Jagdurteil ein passendes Statusfenster trifft, entsteht eine Combo-Variante mit Extra-Stagger.",Jagdurteil,"Jagdurteil ist eine Kerntechnik fuer Lancer / Verfolgerin: sie setzt Sturmjagd ein, verschiebt Positionen und oeffnet ein klares Zeitfenster fuer Finisher.",skill_4,Sturmjagd,"[""Graumarsch/Eisenbrandkueste"", ""Sturmjagd"", ""onfoot""]",Post-20h: Kein Grab fuer Sturmreiter / Bindung 3,"Im Sturmwidder wird Jagdurteil als Fahrzeugtechnik gelesen: kurzer Drift, Modulimpuls oder Bordwaffenfenster mit derselben Statuslogik."
Velka Sturmtritt,char_velka,90,volle Resonanz,ab_char_velka_ultimate,"Andere Spieler koennen innerhalb von 5 Sekunden einen Ultimate-Anker setzen, wodurch eine Konvoi-Ultimate entsteht.",Kein Weg bleibt offen,"Ultimative Charaktertechnik: Kein Weg bleibt offen verwandelt den persoenlichen Konflikt von Velka Sturmtritt in ein grosses Kampfereignis mit Schadens-, Kontroll- und Story-Callout.",ultimate,Sturmjagd,"[""ultimate"", ""Sturmjagd""]",Bindung 3 oder Story-Schluessel fuer Velka Sturmtritt,"Im Fahrzeug loest Kein Weg bleibt offen einen Signatur-Overdrive des Sturmwidder aus, inklusive Spezialkamera und Teamfenster."
Velka Sturmtritt,char_velka,0,passiv,ab_char_velka_passive_1,"Wird im Koop geteilt, wenn die Bindung zwischen den Figuren hoch genug ist.",Narbeninstinkt,"Passiver Bonus, der Velka Sturmtritts Thema 'Verlust, Professionalitaet, Zugehoerigkeit' mechanisch spuerbar macht. Verbessert Ressourcenfluss, Reaktion auf Sturmjagd und Dialog-/Questloesungen.",passive_1,Sturmjagd,"[""passive""]",Talentreihe 1,"Gibt dem Sturmwidder einen kleinen, aber buildpraegenden Bonus."
Velka Sturmtritt,char_velka,0,passiv,ab_char_velka_passive_2,"Wird im Koop geteilt, wenn die Bindung zwischen den Figuren hoch genug ist.",Regionale Handschrift,"Passiver Bonus, der Velka Sturmtritts Thema 'Verlust, Professionalitaet, Zugehoerigkeit' mechanisch spuerbar macht. Verbessert Ressourcenfluss, Reaktion auf Sturmjagd und Dialog-/Questloesungen.",passive_2,Sturmjagd,"[""passive""]",Talentreihe 2,"Gibt dem Sturmwidder einen kleinen, aber buildpraegenden Bonus."
Velka Sturmtritt,char_velka,0,passiv,ab_char_velka_passive_3,"Wird im Koop geteilt, wenn die Bindung zwischen den Figuren hoch genug ist.",Bindungsschwur,"Passiver Bonus, der Velka Sturmtritts Thema 'Verlust, Professionalitaet, Zugehoerigkeit' mechanisch spuerbar macht. Verbessert Ressourcenfluss, Reaktion auf Sturmjagd und Dialog-/Questloesungen.",passive_3,Sturmjagd,"[""passive""]",Talentreihe 3,"Gibt dem Sturmwidder einen kleinen, aber buildpraegenden Bonus."
Velka Sturmtritt,char_velka,10,Hitze 20,ab_char_velka_vehicle_1,"Kann mit Ramme, Harpune, Schild oder Sigil eines anderen Fahrzeugs verkettet werden.",Verfolgungsseil,"Nicht zu Fuss nutzbar, aber kann durch Companion-Callout vorbereitet werden.",vehicle_skill_1,Sturmjagd,"[""vehicle"", ""Jagd-Rig"", ""Sturmjagd""]",Sturmwidder Modulstufe 1,"Verfolgungsseil ist die Signaturtechnik des Sturmwidder (Jagd-Rig). Sie greift direkt in Lenkung, Gegnerformation und Fahrzeugpanzerung ein."
Velka Sturmtritt,char_velka,18,Hitze 35,ab_char_velka_vehicle_2,"Kann mit Ramme, Harpune, Schild oder Sigil eines anderen Fahrzeugs verkettet werden.",Sturmkamm,"Nicht zu Fuss nutzbar, aber kann durch Companion-Callout vorbereitet werden.",vehicle_skill_2,Sturmjagd,"[""vehicle"", ""Jagd-Rig"", ""Sturmjagd""]",Sturmwidder Modulstufe 2,"Sturmkamm ist die Signaturtechnik des Sturmwidder (Jagd-Rig). Sie greift direkt in Lenkung, Gegnerformation und Fahrzeugpanzerung ein."
Velka Sturmtritt,char_velka,30,Resonanzkern,ab_char_velka_vehicle_3,"Kann mit Ramme, Harpune, Schild oder Sigil eines anderen Fahrzeugs verkettet werden.",Rammgalopp,"Nicht zu Fuss nutzbar, aber kann durch Companion-Callout vorbereitet werden.",vehicle_skill_3,Sturmjagd,"[""vehicle"", ""Jagd-Rig"", ""Sturmjagd""]",Sturmwidder Modulstufe 3,"Rammgalopp ist die Signaturtechnik des Sturmwidder (Jagd-Rig). Sie greift direkt in Lenkung, Gegnerformation und Fahrzeugpanzerung ein."
Cyr Ohne Gestern,char_cyr,0,keine,ab_char_cyr_basic,Erzeugt ein kurzes Synergie-Fenster fuer naechste Duo-Technik.,Cyrs Grundkette,"Schnelle Standardkombo, die Ressourcen erzeugt und den Charakterrhythmus lehrt. Spielt adaptiv, fremd, lernend.",basic,Formschock,"[""Adaptive / Formwechsel"", ""Formschock""]",Start,"Im Fahrzeug als kurzer Modul-Impuls ausgefuehrt, ohne den Fahrfluss zu stoppen."
Cyr Ohne Gestern,char_cyr,4,keine,ab_char_cyr_heavy,Erzeugt ein kurzes Synergie-Fenster fuer naechste Duo-Technik.,Cyrs Brecher,"Langsamer, schwerer Treffer mit hohem Haltungs- und Fahrzeugpanzer-Schaden. Spielt adaptiv, fremd, lernend.",heavy,Formschock,"[""Adaptive / Formwechsel"", ""Formschock""]",Start,"Im Fahrzeug als kurzer Modul-Impuls ausgefuehrt, ohne den Fahrfluss zu stoppen."
Cyr Ohne Gestern,char_cyr,8,1 Fokus,ab_char_cyr_skill_1,"Wenn ein zweiter Spieler waehrend Formgriff ein passendes Statusfenster trifft, entsteht eine Combo-Variante mit Extra-Stagger.",Formgriff,"Formgriff ist eine Kerntechnik fuer Adaptive / Formwechsel: sie setzt Formschock ein, verschiebt Positionen und oeffnet ein klares Zeitfenster fuer Finisher.",skill_1,Formschock,"[""Scherbenkrone"", ""Formschock"", ""onfoot""]",Post-20h: Asterhof-Geheimnis / Bindung 1,"Im Namenloser Kern wird Formgriff als Fahrzeugtechnik gelesen: kurzer Drift, Modulimpuls oder Bordwaffenfenster mit derselben Statuslogik."
Cyr Ohne Gestern,char_cyr,12,2 Fokus,ab_char_cyr_skill_2,"Wenn ein zweiter Spieler waehrend Geklaute Technik ein passendes Statusfenster trifft, entsteht eine Combo-Variante mit Extra-Stagger.",Geklaute Technik,"Geklaute Technik ist eine Kerntechnik fuer Adaptive / Formwechsel: sie setzt Formschock ein, verschiebt Positionen und oeffnet ein klares Zeitfenster fuer Finisher.",skill_2,Formschock,"[""Scherbenkrone"", ""Formschock"", ""onfoot""]",Post-20h: Asterhof-Geheimnis / Bindung 1,"Im Namenloser Kern wird Geklaute Technik als Fahrzeugtechnik gelesen: kurzer Drift, Modulimpuls oder Bordwaffenfenster mit derselben Statuslogik."
Cyr Ohne Gestern,char_cyr,16,1 Resonanz,ab_char_cyr_skill_3,"Wenn ein zweiter Spieler waehrend Leeres Gesicht ein passendes Statusfenster trifft, entsteht eine Combo-Variante mit Extra-Stagger.",Leeres Gesicht,"Leeres Gesicht ist eine Kerntechnik fuer Adaptive / Formwechsel: sie setzt Formschock ein, verschiebt Positionen und oeffnet ein klares Zeitfenster fuer Finisher.",skill_3,Formschock,"[""Scherbenkrone"", ""Formschock"", ""onfoot""]",Post-20h: Asterhof-Geheimnis / Bindung 2,"Im Namenloser Kern wird Leeres Gesicht als Fahrzeugtechnik gelesen: kurzer Drift, Modulimpuls oder Bordwaffenfenster mit derselben Statuslogik."
Cyr Ohne Gestern,char_cyr,20,2 Resonanz,ab_char_cyr_skill_4,"Wenn ein zweiter Spieler waehrend Resonanzbiss ein passendes Statusfenster trifft, entsteht eine Combo-Variante mit Extra-Stagger.",Resonanzbiss,"Resonanzbiss ist eine Kerntechnik fuer Adaptive / Formwechsel: sie setzt Formschock ein, verschiebt Positionen und oeffnet ein klares Zeitfenster fuer Finisher.",skill_4,Formschock,"[""Scherbenkrone"", ""Formschock"", ""onfoot""]",Post-20h: Asterhof-Geheimnis / Bindung 3,"Im Namenloser Kern wird Resonanzbiss als Fahrzeugtechnik gelesen: kurzer Drift, Modulimpuls oder Bordwaffenfenster mit derselben Statuslogik."
Cyr Ohne Gestern,char_cyr,90,volle Resonanz,ab_char_cyr_ultimate,"Andere Spieler koennen innerhalb von 5 Sekunden einen Ultimate-Anker setzen, wodurch eine Konvoi-Ultimate entsteht.",Ich waehle meinen Namen,"Ultimative Charaktertechnik: Ich waehle meinen Namen verwandelt den persoenlichen Konflikt von Cyr Ohne Gestern in ein grosses Kampfereignis mit Schadens-, Kontroll- und Story-Callout.",ultimate,Formschock,"[""ultimate"", ""Formschock""]",Bindung 3 oder Story-Schluessel fuer Cyr Ohne Gestern,"Im Fahrzeug loest Ich waehle meinen Namen einen Signatur-Overdrive des Namenloser Kern aus, inklusive Spezialkamera und Teamfenster."
Cyr Ohne Gestern,char_cyr,0,passiv,ab_char_cyr_passive_1,"Wird im Koop geteilt, wenn die Bindung zwischen den Figuren hoch genug ist.",Narbeninstinkt,"Passiver Bonus, der Cyr Ohne Gesterns Thema 'Werkzeug wird Person' mechanisch spuerbar macht. Verbessert Ressourcenfluss, Reaktion auf Formschock und Dialog-/Questloesungen.",passive_1,Formschock,"[""passive""]",Talentreihe 1,"Gibt dem Namenloser Kern einen kleinen, aber buildpraegenden Bonus."
Cyr Ohne Gestern,char_cyr,0,passiv,ab_char_cyr_passive_2,"Wird im Koop geteilt, wenn die Bindung zwischen den Figuren hoch genug ist.",Regionale Handschrift,"Passiver Bonus, der Cyr Ohne Gesterns Thema 'Werkzeug wird Person' mechanisch spuerbar macht. Verbessert Ressourcenfluss, Reaktion auf Formschock und Dialog-/Questloesungen.",passive_2,Formschock,"[""passive""]",Talentreihe 2,"Gibt dem Namenloser Kern einen kleinen, aber buildpraegenden Bonus."
Cyr Ohne Gestern,char_cyr,0,passiv,ab_char_cyr_passive_3,"Wird im Koop geteilt, wenn die Bindung zwischen den Figuren hoch genug ist.",Bindungsschwur,"Passiver Bonus, der Cyr Ohne Gesterns Thema 'Werkzeug wird Person' mechanisch spuerbar macht. Verbessert Ressourcenfluss, Reaktion auf Formschock und Dialog-/Questloesungen.",passive_3,Formschock,"[""passive""]",Talentreihe 3,"Gibt dem Namenloser Kern einen kleinen, aber buildpraegenden Bonus."
Cyr Ohne Gestern,char_cyr,10,Hitze 20,ab_char_cyr_vehicle_1,"Kann mit Ramme, Harpune, Schild oder Sigil eines anderen Fahrzeugs verkettet werden.",Kernwechsel,"Nicht zu Fuss nutzbar, aber kann durch Companion-Callout vorbereitet werden.",vehicle_skill_1,Formschock,"[""vehicle"", ""Transform-Rig"", ""Formschock""]",Namenloser Kern Modulstufe 1,"Kernwechsel ist die Signaturtechnik des Namenloser Kern (Transform-Rig). Sie greift direkt in Lenkung, Gegnerformation und Fahrzeugpanzerung ein."
Cyr Ohne Gestern,char_cyr,18,Hitze 35,ab_char_cyr_vehicle_2,"Kann mit Ramme, Harpune, Schild oder Sigil eines anderen Fahrzeugs verkettet werden.",Maskenpanzer,"Nicht zu Fuss nutzbar, aber kann durch Companion-Callout vorbereitet werden.",vehicle_skill_2,Formschock,"[""vehicle"", ""Transform-Rig"", ""Formschock""]",Namenloser Kern Modulstufe 2,"Maskenpanzer ist die Signaturtechnik des Namenloser Kern (Transform-Rig). Sie greift direkt in Lenkung, Gegnerformation und Fahrzeugpanzerung ein."
Cyr Ohne Gestern,char_cyr,30,Resonanzkern,ab_char_cyr_vehicle_3,"Kann mit Ramme, Harpune, Schild oder Sigil eines anderen Fahrzeugs verkettet werden.",Unmoeglicher Winkel,"Nicht zu Fuss nutzbar, aber kann durch Companion-Callout vorbereitet werden.",vehicle_skill_3,Formschock,"[""vehicle"", ""Transform-Rig"", ""Formschock""]",Namenloser Kern Modulstufe 3,"Unmoeglicher Winkel ist die Signaturtechnik des Namenloser Kern (Transform-Rig). Sie greift direkt in Lenkung, Gegnerformation und Fahrzeugpanzerung ein."
