character,character_id,cost,database_note,drawback,effect,id,name,tier,unlock
Lyra Dorn,char_lyra,3 Laternenfunken,"Pflichtknoten fuer Builds, die Interceptor / Duellantin mit Vehicle Combat verbinden.","Keine reine Zahlensteigerung: der Knoten veraendert Timing, Risiko oder Teamnutzen.","Verbessert Lyra Dorns Mondbrand-Spiel: mehr Kontrolle, sauberere Fahrzeugkopplung und ein zusaetzlicher Quest-/Dialog-Nutzen in Graumarsch.",up_char_lyra_01,Taktischer Einstieg: Lyra,1,Level 2 oder Bindung 1
Lyra Dorn,char_lyra,4 Laternenfunken,"Pflichtknoten fuer Builds, die Interceptor / Duellantin mit Vehicle Combat verbinden.","Keine reine Zahlensteigerung: der Knoten veraendert Timing, Risiko oder Teamnutzen.","Verbessert Lyra Dorns Mondbrand-Spiel: mehr Kontrolle, sauberere Fahrzeugkopplung und ein zusaetzlicher Quest-/Dialog-Nutzen in Graumarsch.",up_char_lyra_02,Sicherer Rhythmus: Lyra,1,Level 4 oder Bindung 1
Lyra Dorn,char_lyra,5 Laternenfunken,"Pflichtknoten fuer Builds, die Interceptor / Duellantin mit Vehicle Combat verbinden.","Keine reine Zahlensteigerung: der Knoten veraendert Timing, Risiko oder Teamnutzen.","Verbessert Lyra Dorns Mondbrand-Spiel: mehr Kontrolle, sauberere Fahrzeugkopplung und ein zusaetzlicher Quest-/Dialog-Nutzen in Graumarsch.",up_char_lyra_03,Statusmeisterschaft: Lyra,1,Level 6 oder Bindung 1
Lyra Dorn,char_lyra,8 Laternenfunken,"Pflichtknoten fuer Builds, die Interceptor / Duellantin mit Vehicle Combat verbinden.","Keine reine Zahlensteigerung: der Knoten veraendert Timing, Risiko oder Teamnutzen.","Verbessert Lyra Dorns Mondbrand-Spiel: mehr Kontrolle, sauberere Fahrzeugkopplung und ein zusaetzlicher Quest-/Dialog-Nutzen in Graumarsch.",up_char_lyra_04,Riskanter Vorteil: Lyra,2,Level 8 oder Bindung 2
Lyra Dorn,char_lyra,9 Laternenfunken,"Pflichtknoten fuer Builds, die Interceptor / Duellantin mit Vehicle Combat verbinden.","Keine reine Zahlensteigerung: der Knoten veraendert Timing, Risiko oder Teamnutzen.","Verbessert Lyra Dorns Mondbrand-Spiel: mehr Kontrolle, sauberere Fahrzeugkopplung und ein zusaetzlicher Quest-/Dialog-Nutzen in Graumarsch.",up_char_lyra_05,Fahrzeugkopplung: Lyra,2,Level 10 oder Bindung 2
Lyra Dorn,char_lyra,10 Laternenfunken,"Pflichtknoten fuer Builds, die Interceptor / Duellantin mit Vehicle Combat verbinden.","Keine reine Zahlensteigerung: der Knoten veraendert Timing, Risiko oder Teamnutzen.","Verbessert Lyra Dorns Mondbrand-Spiel: mehr Kontrolle, sauberere Fahrzeugkopplung und ein zusaetzlicher Quest-/Dialog-Nutzen in Graumarsch.",up_char_lyra_06,Companion-Callout: Lyra,2,Level 12 oder Bindung 2
Lyra Dorn,char_lyra,13 Laternenfunken,"Pflichtknoten fuer Builds, die Interceptor / Duellantin mit Vehicle Combat verbinden.","Keine reine Zahlensteigerung: der Knoten veraendert Timing, Risiko oder Teamnutzen.","Verbessert Lyra Dorns Mondbrand-Spiel: mehr Kontrolle, sauberere Fahrzeugkopplung und ein zusaetzlicher Quest-/Dialog-Nutzen in Graumarsch.",up_char_lyra_07,Regionale Praxis: Lyra,3,Level 14 oder Bindung 3
Lyra Dorn,char_lyra,14 Laternenfunken,"Pflichtknoten fuer Builds, die Interceptor / Duellantin mit Vehicle Combat verbinden.","Keine reine Zahlensteigerung: der Knoten veraendert Timing, Risiko oder Teamnutzen.","Verbessert Lyra Dorns Mondbrand-Spiel: mehr Kontrolle, sauberere Fahrzeugkopplung und ein zusaetzlicher Quest-/Dialog-Nutzen in Graumarsch.",up_char_lyra_08,Signaturmod: Lyra,3,Level 16 oder Bindung 3
Lyra Dorn,char_lyra,15 Laternenfunken,"Pflichtknoten fuer Builds, die Interceptor / Duellantin mit Vehicle Combat verbinden.","Keine reine Zahlensteigerung: der Knoten veraendert Timing, Risiko oder Teamnutzen.","Verbessert Lyra Dorns Mondbrand-Spiel: mehr Kontrolle, sauberere Fahrzeugkopplung und ein zusaetzlicher Quest-/Dialog-Nutzen in Graumarsch.",up_char_lyra_09,Meisterschaftsknoten: Lyra,3,Level 18 oder Bindung 3
Lyra Dorn,char_lyra,18 Laternenfunken,"Pflichtknoten fuer Builds, die Interceptor / Duellantin mit Vehicle Combat verbinden.","Keine reine Zahlensteigerung: der Knoten veraendert Timing, Risiko oder Teamnutzen.","Verbessert Lyra Dorns Mondbrand-Spiel: mehr Kontrolle, sauberere Fahrzeugkopplung und ein zusaetzlicher Quest-/Dialog-Nutzen in Graumarsch.",up_char_lyra_10,Koop-Resonanz: Lyra,4,Level 20 oder Bindung 4
Lyra Dorn,char_lyra,19 Laternenfunken,"Pflichtknoten fuer Builds, die Interceptor / Duellantin mit Vehicle Combat verbinden.","Keine reine Zahlensteigerung: der Knoten veraendert Timing, Risiko oder Teamnutzen.","Verbessert Lyra Dorns Mondbrand-Spiel: mehr Kontrolle, sauberere Fahrzeugkopplung und ein zusaetzlicher Quest-/Dialog-Nutzen in Graumarsch.",up_char_lyra_11,Schicksalswahl A: Lyra,4,Level 22 oder Bindung 4
Lyra Dorn,char_lyra,20 Laternenfunken,"Pflichtknoten fuer Builds, die Interceptor / Duellantin mit Vehicle Combat verbinden.","Keine reine Zahlensteigerung: der Knoten veraendert Timing, Risiko oder Teamnutzen.","Verbessert Lyra Dorns Mondbrand-Spiel: mehr Kontrolle, sauberere Fahrzeugkopplung und ein zusaetzlicher Quest-/Dialog-Nutzen in Graumarsch.",up_char_lyra_12,Schicksalswahl B: Lyra,4,Level 24 oder Bindung 4
Mira Voss,char_mira,3 Laternenfunken,"Pflichtknoten fuer Builds, die Controller / Runenbrecherin mit Vehicle Combat verbinden.","Keine reine Zahlensteigerung: der Knoten veraendert Timing, Risiko oder Teamnutzen.","Verbessert Mira Vosss Siegelriss-Spiel: mehr Kontrolle, sauberere Fahrzeugkopplung und ein zusaetzlicher Quest-/Dialog-Nutzen in Graumarsch/Scherbenkrone.",up_char_mira_01,Taktischer Einstieg: Mira,1,Level 2 oder Bindung 1
Mira Voss,char_mira,4 Laternenfunken,"Pflichtknoten fuer Builds, die Controller / Runenbrecherin mit Vehicle Combat verbinden.","Keine reine Zahlensteigerung: der Knoten veraendert Timing, Risiko oder Teamnutzen.","Verbessert Mira Vosss Siegelriss-Spiel: mehr Kontrolle, sauberere Fahrzeugkopplung und ein zusaetzlicher Quest-/Dialog-Nutzen in Graumarsch/Scherbenkrone.",up_char_mira_02,Sicherer Rhythmus: Mira,1,Level 4 oder Bindung 1
Mira Voss,char_mira,5 Laternenfunken,"Pflichtknoten fuer Builds, die Controller / Runenbrecherin mit Vehicle Combat verbinden.","Keine reine Zahlensteigerung: der Knoten veraendert Timing, Risiko oder Teamnutzen.","Verbessert Mira Vosss Siegelriss-Spiel: mehr Kontrolle, sauberere Fahrzeugkopplung und ein zusaetzlicher Quest-/Dialog-Nutzen in Graumarsch/Scherbenkrone.",up_char_mira_03,Statusmeisterschaft: Mira,1,Level 6 oder Bindung 1
Mira Voss,char_mira,8 Laternenfunken,"Pflichtknoten fuer Builds, die Controller / Runenbrecherin mit Vehicle Combat verbinden.","Keine reine Zahlensteigerung: der Knoten veraendert Timing, Risiko oder Teamnutzen.","Verbessert Mira Vosss Siegelriss-Spiel: mehr Kontrolle, sauberere Fahrzeugkopplung und ein zusaetzlicher Quest-/Dialog-Nutzen in Graumarsch/Scherbenkrone.",up_char_mira_04,Riskanter Vorteil: Mira,2,Level 8 oder Bindung 2
Mira Voss,char_mira,9 Laternenfunken,"Pflichtknoten fuer Builds, die Controller / Runenbrecherin mit Vehicle Combat verbinden.","Keine reine Zahlensteigerung: der Knoten veraendert Timing, Risiko oder Teamnutzen.","Verbessert Mira Vosss Siegelriss-Spiel: mehr Kontrolle, sauberere Fahrzeugkopplung und ein zusaetzlicher Quest-/Dialog-Nutzen in Graumarsch/Scherbenkrone.",up_char_mira_05,Fahrzeugkopplung: Mira,2,Level 10 oder Bindung 2
Mira Voss,char_mira,10 Laternenfunken,"Pflichtknoten fuer Builds, die Controller / Runenbrecherin mit Vehicle Combat verbinden.","Keine reine Zahlensteigerung: der Knoten veraendert Timing, Risiko oder Teamnutzen.","Verbessert Mira Vosss Siegelriss-Spiel: mehr Kontrolle, sauberere Fahrzeugkopplung und ein zusaetzlicher Quest-/Dialog-Nutzen in Graumarsch/Scherbenkrone.",up_char_mira_06,Companion-Callout: Mira,2,Level 12 oder Bindung 2
Mira Voss,char_mira,13 Laternenfunken,"Pflichtknoten fuer Builds, die Controller / Runenbrecherin mit Vehicle Combat verbinden.","Keine reine Zahlensteigerung: der Knoten veraendert Timing, Risiko oder Teamnutzen.","Verbessert Mira Vosss Siegelriss-Spiel: mehr Kontrolle, sauberere Fahrzeugkopplung und ein zusaetzlicher Quest-/Dialog-Nutzen in Graumarsch/Scherbenkrone.",up_char_mira_07,Regionale Praxis: Mira,3,Level 14 oder Bindung 3
Mira Voss,char_mira,14 Laternenfunken,"Pflichtknoten fuer Builds, die Controller / Runenbrecherin mit Vehicle Combat verbinden.","Keine reine Zahlensteigerung: der Knoten veraendert Timing, Risiko oder Teamnutzen.","Verbessert Mira Vosss Siegelriss-Spiel: mehr Kontrolle, sauberere Fahrzeugkopplung und ein zusaetzlicher Quest-/Dialog-Nutzen in Graumarsch/Scherbenkrone.",up_char_mira_08,Signaturmod: Mira,3,Level 16 oder Bindung 3
Mira Voss,char_mira,15 Laternenfunken,"Pflichtknoten fuer Builds, die Controller / Runenbrecherin mit Vehicle Combat verbinden.","Keine reine Zahlensteigerung: der Knoten veraendert Timing, Risiko oder Teamnutzen.","Verbessert Mira Vosss Siegelriss-Spiel: mehr Kontrolle, sauberere Fahrzeugkopplung und ein zusaetzlicher Quest-/Dialog-Nutzen in Graumarsch/Scherbenkrone.",up_char_mira_09,Meisterschaftsknoten: Mira,3,Level 18 oder Bindung 3
Mira Voss,char_mira,18 Laternenfunken,"Pflichtknoten fuer Builds, die Controller / Runenbrecherin mit Vehicle Combat verbinden.","Keine reine Zahlensteigerung: der Knoten veraendert Timing, Risiko oder Teamnutzen.","Verbessert Mira Vosss Siegelriss-Spiel: mehr Kontrolle, sauberere Fahrzeugkopplung und ein zusaetzlicher Quest-/Dialog-Nutzen in Graumarsch/Scherbenkrone.",up_char_mira_10,Koop-Resonanz: Mira,4,Level 20 oder Bindung 4
Mira Voss,char_mira,19 Laternenfunken,"Pflichtknoten fuer Builds, die Controller / Runenbrecherin mit Vehicle Combat verbinden.","Keine reine Zahlensteigerung: der Knoten veraendert Timing, Risiko oder Teamnutzen.","Verbessert Mira Vosss Siegelriss-Spiel: mehr Kontrolle, sauberere Fahrzeugkopplung und ein zusaetzlicher Quest-/Dialog-Nutzen in Graumarsch/Scherbenkrone.",up_char_mira_11,Schicksalswahl A: Mira,4,Level 22 oder Bindung 4
Mira Voss,char_mira,20 Laternenfunken,"Pflichtknoten fuer Builds, die Controller / Runenbrecherin mit Vehicle Combat verbinden.","Keine reine Zahlensteigerung: der Knoten veraendert Timing, Risiko oder Teamnutzen.","Verbessert Mira Vosss Siegelriss-Spiel: mehr Kontrolle, sauberere Fahrzeugkopplung und ein zusaetzlicher Quest-/Dialog-Nutzen in Graumarsch/Scherbenkrone.",up_char_mira_12,Schicksalswahl B: Mira,4,Level 24 oder Bindung 4
Tarek al-Sahir,char_tarek,3 Laternenfunken,"Pflichtknoten fuer Builds, die Skirmisher / Taeuscher mit Vehicle Combat verbinden.","Keine reine Zahlensteigerung: der Knoten veraendert Timing, Risiko oder Teamnutzen.","Verbessert Tarek al-Sahirs Schuldmarke-Spiel: mehr Kontrolle, sauberere Fahrzeugkopplung und ein zusaetzlicher Quest-/Dialog-Nutzen in Sonnenglasweite.",up_char_tarek_01,Taktischer Einstieg: Tarek,1,Level 2 oder Bindung 1
Tarek al-Sahir,char_tarek,4 Laternenfunken,"Pflichtknoten fuer Builds, die Skirmisher / Taeuscher mit Vehicle Combat verbinden.","Keine reine Zahlensteigerung: der Knoten veraendert Timing, Risiko oder Teamnutzen.","Verbessert Tarek al-Sahirs Schuldmarke-Spiel: mehr Kontrolle, sauberere Fahrzeugkopplung und ein zusaetzlicher Quest-/Dialog-Nutzen in Sonnenglasweite.",up_char_tarek_02,Sicherer Rhythmus: Tarek,1,Level 4 oder Bindung 1
Tarek al-Sahir,char_tarek,5 Laternenfunken,"Pflichtknoten fuer Builds, die Skirmisher / Taeuscher mit Vehicle Combat verbinden.","Keine reine Zahlensteigerung: der Knoten veraendert Timing, Risiko oder Teamnutzen.","Verbessert Tarek al-Sahirs Schuldmarke-Spiel: mehr Kontrolle, sauberere Fahrzeugkopplung und ein zusaetzlicher Quest-/Dialog-Nutzen in Sonnenglasweite.",up_char_tarek_03,Statusmeisterschaft: Tarek,1,Level 6 oder Bindung 1
Tarek al-Sahir,char_tarek,8 Laternenfunken,"Pflichtknoten fuer Builds, die Skirmisher / Taeuscher mit Vehicle Combat verbinden.","Keine reine Zahlensteigerung: der Knoten veraendert Timing, Risiko oder Teamnutzen.","Verbessert Tarek al-Sahirs Schuldmarke-Spiel: mehr Kontrolle, sauberere Fahrzeugkopplung und ein zusaetzlicher Quest-/Dialog-Nutzen in Sonnenglasweite.",up_char_tarek_04,Riskanter Vorteil: Tarek,2,Level 8 oder Bindung 2
Tarek al-Sahir,char_tarek,9 Laternenfunken,"Pflichtknoten fuer Builds, die Skirmisher / Taeuscher mit Vehicle Combat verbinden.","Keine reine Zahlensteigerung: der Knoten veraendert Timing, Risiko oder Teamnutzen.","Verbessert Tarek al-Sahirs Schuldmarke-Spiel: mehr Kontrolle, sauberere Fahrzeugkopplung und ein zusaetzlicher Quest-/Dialog-Nutzen in Sonnenglasweite.",up_char_tarek_05,Fahrzeugkopplung: Tarek,2,Level 10 oder Bindung 2
Tarek al-Sahir,char_tarek,10 Laternenfunken,"Pflichtknoten fuer Builds, die Skirmisher / Taeuscher mit Vehicle Combat verbinden.","Keine reine Zahlensteigerung: der Knoten veraendert Timing, Risiko oder Teamnutzen.","Verbessert Tarek al-Sahirs Schuldmarke-Spiel: mehr Kontrolle, sauberere Fahrzeugkopplung und ein zusaetzlicher Quest-/Dialog-Nutzen in Sonnenglasweite.",up_char_tarek_06,Companion-Callout: Tarek,2,Level 12 oder Bindung 2
Tarek al-Sahir,char_tarek,13 Laternenfunken,"Pflichtknoten fuer Builds, die Skirmisher / Taeuscher mit Vehicle Combat verbinden.","Keine reine Zahlensteigerung: der Knoten veraendert Timing, Risiko oder Teamnutzen.","Verbessert Tarek al-Sahirs Schuldmarke-Spiel: mehr Kontrolle, sauberere Fahrzeugkopplung und ein zusaetzlicher Quest-/Dialog-Nutzen in Sonnenglasweite.",up_char_tarek_07,Regionale Praxis: Tarek,3,Level 14 oder Bindung 3
Tarek al-Sahir,char_tarek,14 Laternenfunken,"Pflichtknoten fuer Builds, die Skirmisher / Taeuscher mit Vehicle Combat verbinden.","Keine reine Zahlensteigerung: der Knoten veraendert Timing, Risiko oder Teamnutzen.","Verbessert Tarek al-Sahirs Schuldmarke-Spiel: mehr Kontrolle, sauberere Fahrzeugkopplung und ein zusaetzlicher Quest-/Dialog-Nutzen in Sonnenglasweite.",up_char_tarek_08,Signaturmod: Tarek,3,Level 16 oder Bindung 3
Tarek al-Sahir,char_tarek,15 Laternenfunken,"Pflichtknoten fuer Builds, die Skirmisher / Taeuscher mit Vehicle Combat verbinden.","Keine reine Zahlensteigerung: der Knoten veraendert Timing, Risiko oder Teamnutzen.","Verbessert Tarek al-Sahirs Schuldmarke-Spiel: mehr Kontrolle, sauberere Fahrzeugkopplung und ein zusaetzlicher Quest-/Dialog-Nutzen in Sonnenglasweite.",up_char_tarek_09,Meisterschaftsknoten: Tarek,3,Level 18 oder Bindung 3
Tarek al-Sahir,char_tarek,18 Laternenfunken,"Pflichtknoten fuer Builds, die Skirmisher / Taeuscher mit Vehicle Combat verbinden.","Keine reine Zahlensteigerung: der Knoten veraendert Timing, Risiko oder Teamnutzen.","Verbessert Tarek al-Sahirs Schuldmarke-Spiel: mehr Kontrolle, sauberere Fahrzeugkopplung und ein zusaetzlicher Quest-/Dialog-Nutzen in Sonnenglasweite.",up_char_tarek_10,Koop-Resonanz: Tarek,4,Level 20 oder Bindung 4
Tarek al-Sahir,char_tarek,19 Laternenfunken,"Pflichtknoten fuer Builds, die Skirmisher / Taeuscher mit Vehicle Combat verbinden.","Keine reine Zahlensteigerung: der Knoten veraendert Timing, Risiko oder Teamnutzen.","Verbessert Tarek al-Sahirs Schuldmarke-Spiel: mehr Kontrolle, sauberere Fahrzeugkopplung und ein zusaetzlicher Quest-/Dialog-Nutzen in Sonnenglasweite.",up_char_tarek_11,Schicksalswahl A: Tarek,4,Level 22 oder Bindung 4
Tarek al-Sahir,char_tarek,20 Laternenfunken,"Pflichtknoten fuer Builds, die Skirmisher / Taeuscher mit Vehicle Combat verbinden.","Keine reine Zahlensteigerung: der Knoten veraendert Timing, Risiko oder Teamnutzen.","Verbessert Tarek al-Sahirs Schuldmarke-Spiel: mehr Kontrolle, sauberere Fahrzeugkopplung und ein zusaetzlicher Quest-/Dialog-Nutzen in Sonnenglasweite.",up_char_tarek_12,Schicksalswahl B: Tarek,4,Level 24 oder Bindung 4
Siofra Nhal,char_siofra,3 Laternenfunken,"Pflichtknoten fuer Builds, die Ranger / Fallenbinderin mit Vehicle Combat verbinden.","Keine reine Zahlensteigerung: der Knoten veraendert Timing, Risiko oder Teamnutzen.","Verbessert Siofra Nhals Harzbindung-Spiel: mehr Kontrolle, sauberere Fahrzeugkopplung und ein zusaetzlicher Quest-/Dialog-Nutzen in Wurzelwald Nhal.",up_char_siofra_01,Taktischer Einstieg: Siofra,1,Level 2 oder Bindung 1
Siofra Nhal,char_siofra,4 Laternenfunken,"Pflichtknoten fuer Builds, die Ranger / Fallenbinderin mit Vehicle Combat verbinden.","Keine reine Zahlensteigerung: der Knoten veraendert Timing, Risiko oder Teamnutzen.","Verbessert Siofra Nhals Harzbindung-Spiel: mehr Kontrolle, sauberere Fahrzeugkopplung und ein zusaetzlicher Quest-/Dialog-Nutzen in Wurzelwald Nhal.",up_char_siofra_02,Sicherer Rhythmus: Siofra,1,Level 4 oder Bindung 1
Siofra Nhal,char_siofra,5 Laternenfunken,"Pflichtknoten fuer Builds, die Ranger / Fallenbinderin mit Vehicle Combat verbinden.","Keine reine Zahlensteigerung: der Knoten veraendert Timing, Risiko oder Teamnutzen.","Verbessert Siofra Nhals Harzbindung-Spiel: mehr Kontrolle, sauberere Fahrzeugkopplung und ein zusaetzlicher Quest-/Dialog-Nutzen in Wurzelwald Nhal.",up_char_siofra_03,Statusmeisterschaft: Siofra,1,Level 6 oder Bindung 1
Siofra Nhal,char_siofra,8 Laternenfunken,"Pflichtknoten fuer Builds, die Ranger / Fallenbinderin mit Vehicle Combat verbinden.","Keine reine Zahlensteigerung: der Knoten veraendert Timing, Risiko oder Teamnutzen.","Verbessert Siofra Nhals Harzbindung-Spiel: mehr Kontrolle, sauberere Fahrzeugkopplung und ein zusaetzlicher Quest-/Dialog-Nutzen in Wurzelwald Nhal.",up_char_siofra_04,Riskanter Vorteil: Siofra,2,Level 8 oder Bindung 2
Siofra Nhal,char_siofra,9 Laternenfunken,"Pflichtknoten fuer Builds, die Ranger / Fallenbinderin mit Vehicle Combat verbinden.","Keine reine Zahlensteigerung: der Knoten veraendert Timing, Risiko oder Teamnutzen.","Verbessert Siofra Nhals Harzbindung-Spiel: mehr Kontrolle, sauberere Fahrzeugkopplung und ein zusaetzlicher Quest-/Dialog-Nutzen in Wurzelwald Nhal.",up_char_siofra_05,Fahrzeugkopplung: Siofra,2,Level 10 oder Bindung 2
Siofra Nhal,char_siofra,10 Laternenfunken,"Pflichtknoten fuer Builds, die Ranger / Fallenbinderin mit Vehicle Combat verbinden.","Keine reine Zahlensteigerung: der Knoten veraendert Timing, Risiko oder Teamnutzen.","Verbessert Siofra Nhals Harzbindung-Spiel: mehr Kontrolle, sauberere Fahrzeugkopplung und ein zusaetzlicher Quest-/Dialog-Nutzen in Wurzelwald Nhal.",up_char_siofra_06,Companion-Callout: Siofra,2,Level 12 oder Bindung 2
Siofra Nhal,char_siofra,13 Laternenfunken,"Pflichtknoten fuer Builds, die Ranger / Fallenbinderin mit Vehicle Combat verbinden.","Keine reine Zahlensteigerung: der Knoten veraendert Timing, Risiko oder Teamnutzen.","Verbessert Siofra Nhals Harzbindung-Spiel: mehr Kontrolle, sauberere Fahrzeugkopplung und ein zusaetzlicher Quest-/Dialog-Nutzen in Wurzelwald Nhal.",up_char_siofra_07,Regionale Praxis: Siofra,3,Level 14 oder Bindung 3
Siofra Nhal,char_siofra,14 Laternenfunken,"Pflichtknoten fuer Builds, die Ranger / Fallenbinderin mit Vehicle Combat verbinden.","Keine reine Zahlensteigerung: der Knoten veraendert Timing, Risiko oder Teamnutzen.","Verbessert Siofra Nhals Harzbindung-Spiel: mehr Kontrolle, sauberere Fahrzeugkopplung und ein zusaetzlicher Quest-/Dialog-Nutzen in Wurzelwald Nhal.",up_char_siofra_08,Signaturmod: Siofra,3,Level 16 oder Bindung 3
Siofra Nhal,char_siofra,15 Laternenfunken,"Pflichtknoten fuer Builds, die Ranger / Fallenbinderin mit Vehicle Combat verbinden.","Keine reine Zahlensteigerung: der Knoten veraendert Timing, Risiko oder Teamnutzen.","Verbessert Siofra Nhals Harzbindung-Spiel: mehr Kontrolle, sauberere Fahrzeugkopplung und ein zusaetzlicher Quest-/Dialog-Nutzen in Wurzelwald Nhal.",up_char_siofra_09,Meisterschaftsknoten: Siofra,3,Level 18 oder Bindung 3
Siofra Nhal,char_siofra,18 Laternenfunken,"Pflichtknoten fuer Builds, die Ranger / Fallenbinderin mit Vehicle Combat verbinden.","Keine reine Zahlensteigerung: der Knoten veraendert Timing, Risiko oder Teamnutzen.","Verbessert Siofra Nhals Harzbindung-Spiel: mehr Kontrolle, sauberere Fahrzeugkopplung und ein zusaetzlicher Quest-/Dialog-Nutzen in Wurzelwald Nhal.",up_char_siofra_10,Koop-Resonanz: Siofra,4,Level 20 oder Bindung 4
Siofra Nhal,char_siofra,19 Laternenfunken,"Pflichtknoten fuer Builds, die Ranger / Fallenbinderin mit Vehicle Combat verbinden.","Keine reine Zahlensteigerung: der Knoten veraendert Timing, Risiko oder Teamnutzen.","Verbessert Siofra Nhals Harzbindung-Spiel: mehr Kontrolle, sauberere Fahrzeugkopplung und ein zusaetzlicher Quest-/Dialog-Nutzen in Wurzelwald Nhal.",up_char_siofra_11,Schicksalswahl A: Siofra,4,Level 22 oder Bindung 4
Siofra Nhal,char_siofra,20 Laternenfunken,"Pflichtknoten fuer Builds, die Ranger / Fallenbinderin mit Vehicle Combat verbinden.","Keine reine Zahlensteigerung: der Knoten veraendert Timing, Risiko oder Teamnutzen.","Verbessert Siofra Nhals Harzbindung-Spiel: mehr Kontrolle, sauberere Fahrzeugkopplung und ein zusaetzlicher Quest-/Dialog-Nutzen in Wurzelwald Nhal.",up_char_siofra_12,Schicksalswahl B: Siofra,4,Level 24 oder Bindung 4
Brannok Reef,char_brannok,3 Laternenfunken,"Pflichtknoten fuer Builds, die Bruiser / Harpunierer mit Vehicle Combat verbinden.","Keine reine Zahlensteigerung: der Knoten veraendert Timing, Risiko oder Teamnutzen.","Verbessert Brannok Reefs Tiefenruf-Spiel: mehr Kontrolle, sauberere Fahrzeugkopplung und ein zusaetzlicher Quest-/Dialog-Nutzen in Eisenbrandkueste.",up_char_brannok_01,Taktischer Einstieg: Brannok,1,Level 2 oder Bindung 1
Brannok Reef,char_brannok,4 Laternenfunken,"Pflichtknoten fuer Builds, die Bruiser / Harpunierer mit Vehicle Combat verbinden.","Keine reine Zahlensteigerung: der Knoten veraendert Timing, Risiko oder Teamnutzen.","Verbessert Brannok Reefs Tiefenruf-Spiel: mehr Kontrolle, sauberere Fahrzeugkopplung und ein zusaetzlicher Quest-/Dialog-Nutzen in Eisenbrandkueste.",up_char_brannok_02,Sicherer Rhythmus: Brannok,1,Level 4 oder Bindung 1
Brannok Reef,char_brannok,5 Laternenfunken,"Pflichtknoten fuer Builds, die Bruiser / Harpunierer mit Vehicle Combat verbinden.","Keine reine Zahlensteigerung: der Knoten veraendert Timing, Risiko oder Teamnutzen.","Verbessert Brannok Reefs Tiefenruf-Spiel: mehr Kontrolle, sauberere Fahrzeugkopplung und ein zusaetzlicher Quest-/Dialog-Nutzen in Eisenbrandkueste.",up_char_brannok_03,Statusmeisterschaft: Brannok,1,Level 6 oder Bindung 1
Brannok Reef,char_brannok,8 Laternenfunken,"Pflichtknoten fuer Builds, die Bruiser / Harpunierer mit Vehicle Combat verbinden.","Keine reine Zahlensteigerung: der Knoten veraendert Timing, Risiko oder Teamnutzen.","Verbessert Brannok Reefs Tiefenruf-Spiel: mehr Kontrolle, sauberere Fahrzeugkopplung und ein zusaetzlicher Quest-/Dialog-Nutzen in Eisenbrandkueste.",up_char_brannok_04,Riskanter Vorteil: Brannok,2,Level 8 oder Bindung 2
Brannok Reef,char_brannok,9 Laternenfunken,"Pflichtknoten fuer Builds, die Bruiser / Harpunierer mit Vehicle Combat verbinden.","Keine reine Zahlensteigerung: der Knoten veraendert Timing, Risiko oder Teamnutzen.","Verbessert Brannok Reefs Tiefenruf-Spiel: mehr Kontrolle, sauberere Fahrzeugkopplung und ein zusaetzlicher Quest-/Dialog-Nutzen in Eisenbrandkueste.",up_char_brannok_05,Fahrzeugkopplung: Brannok,2,Level 10 oder Bindung 2
Brannok Reef,char_brannok,10 Laternenfunken,"Pflichtknoten fuer Builds, die Bruiser / Harpunierer mit Vehicle Combat verbinden.","Keine reine Zahlensteigerung: der Knoten veraendert Timing, Risiko oder Teamnutzen.","Verbessert Brannok Reefs Tiefenruf-Spiel: mehr Kontrolle, sauberere Fahrzeugkopplung und ein zusaetzlicher Quest-/Dialog-Nutzen in Eisenbrandkueste.",up_char_brannok_06,Companion-Callout: Brannok,2,Level 12 oder Bindung 2
Brannok Reef,char_brannok,13 Laternenfunken,"Pflichtknoten fuer Builds, die Bruiser / Harpunierer mit Vehicle Combat verbinden.","Keine reine Zahlensteigerung: der Knoten veraendert Timing, Risiko oder Teamnutzen.","Verbessert Brannok Reefs Tiefenruf-Spiel: mehr Kontrolle, sauberere Fahrzeugkopplung und ein zusaetzlicher Quest-/Dialog-Nutzen in Eisenbrandkueste.",up_char_brannok_07,Regionale Praxis: Brannok,3,Level 14 oder Bindung 3
Brannok Reef,char_brannok,14 Laternenfunken,"Pflichtknoten fuer Builds, die Bruiser / Harpunierer mit Vehicle Combat verbinden.","Keine reine Zahlensteigerung: der Knoten veraendert Timing, Risiko oder Teamnutzen.","Verbessert Brannok Reefs Tiefenruf-Spiel: mehr Kontrolle, sauberere Fahrzeugkopplung und ein zusaetzlicher Quest-/Dialog-Nutzen in Eisenbrandkueste.",up_char_brannok_08,Signaturmod: Brannok,3,Level 16 oder Bindung 3
Brannok Reef,char_brannok,15 Laternenfunken,"Pflichtknoten fuer Builds, die Bruiser / Harpunierer mit Vehicle Combat verbinden.","Keine reine Zahlensteigerung: der Knoten veraendert Timing, Risiko oder Teamnutzen.","Verbessert Brannok Reefs Tiefenruf-Spiel: mehr Kontrolle, sauberere Fahrzeugkopplung und ein zusaetzlicher Quest-/Dialog-Nutzen in Eisenbrandkueste.",up_char_brannok_09,Meisterschaftsknoten: Brannok,3,Level 18 oder Bindung 3
Brannok Reef,char_brannok,18 Laternenfunken,"Pflichtknoten fuer Builds, die Bruiser / Harpunierer mit Vehicle Combat verbinden.","Keine reine Zahlensteigerung: der Knoten veraendert Timing, Risiko oder Teamnutzen.","Verbessert Brannok Reefs Tiefenruf-Spiel: mehr Kontrolle, sauberere Fahrzeugkopplung und ein zusaetzlicher Quest-/Dialog-Nutzen in Eisenbrandkueste.",up_char_brannok_10,Koop-Resonanz: Brannok,4,Level 20 oder Bindung 4
Brannok Reef,char_brannok,19 Laternenfunken,"Pflichtknoten fuer Builds, die Bruiser / Harpunierer mit Vehicle Combat verbinden.","Keine reine Zahlensteigerung: der Knoten veraendert Timing, Risiko oder Teamnutzen.","Verbessert Brannok Reefs Tiefenruf-Spiel: mehr Kontrolle, sauberere Fahrzeugkopplung und ein zusaetzlicher Quest-/Dialog-Nutzen in Eisenbrandkueste.",up_char_brannok_11,Schicksalswahl A: Brannok,4,Level 22 oder Bindung 4
Brannok Reef,char_brannok,20 Laternenfunken,"Pflichtknoten fuer Builds, die Bruiser / Harpunierer mit Vehicle Combat verbinden.","Keine reine Zahlensteigerung: der Knoten veraendert Timing, Risiko oder Teamnutzen.","Verbessert Brannok Reefs Tiefenruf-Spiel: mehr Kontrolle, sauberere Fahrzeugkopplung und ein zusaetzlicher Quest-/Dialog-Nutzen in Eisenbrandkueste.",up_char_brannok_12,Schicksalswahl B: Brannok,4,Level 24 oder Bindung 4
Edda Falkenlicht,char_edda,3 Laternenfunken,"Pflichtknoten fuer Builds, die Tank / Bannstandarte mit Vehicle Combat verbinden.","Keine reine Zahlensteigerung: der Knoten veraendert Timing, Risiko oder Teamnutzen.","Verbessert Edda Falkenlichts Eidmarke-Spiel: mehr Kontrolle, sauberere Fahrzeugkopplung und ein zusaetzlicher Quest-/Dialog-Nutzen in Hochkamm der Eidwacht.",up_char_edda_01,Taktischer Einstieg: Edda,1,Level 2 oder Bindung 1
Edda Falkenlicht,char_edda,4 Laternenfunken,"Pflichtknoten fuer Builds, die Tank / Bannstandarte mit Vehicle Combat verbinden.","Keine reine Zahlensteigerung: der Knoten veraendert Timing, Risiko oder Teamnutzen.","Verbessert Edda Falkenlichts Eidmarke-Spiel: mehr Kontrolle, sauberere Fahrzeugkopplung und ein zusaetzlicher Quest-/Dialog-Nutzen in Hochkamm der Eidwacht.",up_char_edda_02,Sicherer Rhythmus: Edda,1,Level 4 oder Bindung 1
Edda Falkenlicht,char_edda,5 Laternenfunken,"Pflichtknoten fuer Builds, die Tank / Bannstandarte mit Vehicle Combat verbinden.","Keine reine Zahlensteigerung: der Knoten veraendert Timing, Risiko oder Teamnutzen.","Verbessert Edda Falkenlichts Eidmarke-Spiel: mehr Kontrolle, sauberere Fahrzeugkopplung und ein zusaetzlicher Quest-/Dialog-Nutzen in Hochkamm der Eidwacht.",up_char_edda_03,Statusmeisterschaft: Edda,1,Level 6 oder Bindung 1
Edda Falkenlicht,char_edda,8 Laternenfunken,"Pflichtknoten fuer Builds, die Tank / Bannstandarte mit Vehicle Combat verbinden.","Keine reine Zahlensteigerung: der Knoten veraendert Timing, Risiko oder Teamnutzen.","Verbessert Edda Falkenlichts Eidmarke-Spiel: mehr Kontrolle, sauberere Fahrzeugkopplung und ein zusaetzlicher Quest-/Dialog-Nutzen in Hochkamm der Eidwacht.",up_char_edda_04,Riskanter Vorteil: Edda,2,Level 8 oder Bindung 2
Edda Falkenlicht,char_edda,9 Laternenfunken,"Pflichtknoten fuer Builds, die Tank / Bannstandarte mit Vehicle Combat verbinden.","Keine reine Zahlensteigerung: der Knoten veraendert Timing, Risiko oder Teamnutzen.","Verbessert Edda Falkenlichts Eidmarke-Spiel: mehr Kontrolle, sauberere Fahrzeugkopplung und ein zusaetzlicher Quest-/Dialog-Nutzen in Hochkamm der Eidwacht.",up_char_edda_05,Fahrzeugkopplung: Edda,2,Level 10 oder Bindung 2
Edda Falkenlicht,char_edda,10 Laternenfunken,"Pflichtknoten fuer Builds, die Tank / Bannstandarte mit Vehicle Combat verbinden.","Keine reine Zahlensteigerung: der Knoten veraendert Timing, Risiko oder Teamnutzen.","Verbessert Edda Falkenlichts Eidmarke-Spiel: mehr Kontrolle, sauberere Fahrzeugkopplung und ein zusaetzlicher Quest-/Dialog-Nutzen in Hochkamm der Eidwacht.",up_char_edda_06,Companion-Callout: Edda,2,Level 12 oder Bindung 2
Edda Falkenlicht,char_edda,13 Laternenfunken,"Pflichtknoten fuer Builds, die Tank / Bannstandarte mit Vehicle Combat verbinden.","Keine reine Zahlensteigerung: der Knoten veraendert Timing, Risiko oder Teamnutzen.","Verbessert Edda Falkenlichts Eidmarke-Spiel: mehr Kontrolle, sauberere Fahrzeugkopplung und ein zusaetzlicher Quest-/Dialog-Nutzen in Hochkamm der Eidwacht.",up_char_edda_07,Regionale Praxis: Edda,3,Level 14 oder Bindung 3
Edda Falkenlicht,char_edda,14 Laternenfunken,"Pflichtknoten fuer Builds, die Tank / Bannstandarte mit Vehicle Combat verbinden.","Keine reine Zahlensteigerung: der Knoten veraendert Timing, Risiko oder Teamnutzen.","Verbessert Edda Falkenlichts Eidmarke-Spiel: mehr Kontrolle, sauberere Fahrzeugkopplung und ein zusaetzlicher Quest-/Dialog-Nutzen in Hochkamm der Eidwacht.",up_char_edda_08,Signaturmod: Edda,3,Level 16 oder Bindung 3
Edda Falkenlicht,char_edda,15 Laternenfunken,"Pflichtknoten fuer Builds, die Tank / Bannstandarte mit Vehicle Combat verbinden.","Keine reine Zahlensteigerung: der Knoten veraendert Timing, Risiko oder Teamnutzen.","Verbessert Edda Falkenlichts Eidmarke-Spiel: mehr Kontrolle, sauberere Fahrzeugkopplung und ein zusaetzlicher Quest-/Dialog-Nutzen in Hochkamm der Eidwacht.",up_char_edda_09,Meisterschaftsknoten: Edda,3,Level 18 oder Bindung 3
Edda Falkenlicht,char_edda,18 Laternenfunken,"Pflichtknoten fuer Builds, die Tank / Bannstandarte mit Vehicle Combat verbinden.","Keine reine Zahlensteigerung: der Knoten veraendert Timing, Risiko oder Teamnutzen.","Verbessert Edda Falkenlichts Eidmarke-Spiel: mehr Kontrolle, sauberere Fahrzeugkopplung und ein zusaetzlicher Quest-/Dialog-Nutzen in Hochkamm der Eidwacht.",up_char_edda_10,Koop-Resonanz: Edda,4,Level 20 oder Bindung 4
Edda Falkenlicht,char_edda,19 Laternenfunken,"Pflichtknoten fuer Builds, die Tank / Bannstandarte mit Vehicle Combat verbinden.","Keine reine Zahlensteigerung: der Knoten veraendert Timing, Risiko oder Teamnutzen.","Verbessert Edda Falkenlichts Eidmarke-Spiel: mehr Kontrolle, sauberere Fahrzeugkopplung und ein zusaetzlicher Quest-/Dialog-Nutzen in Hochkamm der Eidwacht.",up_char_edda_11,Schicksalswahl A: Edda,4,Level 22 oder Bindung 4
Edda Falkenlicht,char_edda,20 Laternenfunken,"Pflichtknoten fuer Builds, die Tank / Bannstandarte mit Vehicle Combat verbinden.","Keine reine Zahlensteigerung: der Knoten veraendert Timing, Risiko oder Teamnutzen.","Verbessert Edda Falkenlichts Eidmarke-Spiel: mehr Kontrolle, sauberere Fahrzeugkopplung und ein zusaetzlicher Quest-/Dialog-Nutzen in Hochkamm der Eidwacht.",up_char_edda_12,Schicksalswahl B: Edda,4,Level 24 oder Bindung 4
Kael Nhar,char_kael,3 Laternenfunken,"Pflichtknoten fuer Builds, die Assassin / Debuffer mit Vehicle Combat verbinden.","Keine reine Zahlensteigerung: der Knoten veraendert Timing, Risiko oder Teamnutzen.","Verbessert Kael Nhars Rostbruch-Spiel: mehr Kontrolle, sauberere Fahrzeugkopplung und ein zusaetzlicher Quest-/Dialog-Nutzen in Dunkelgrund.",up_char_kael_01,Taktischer Einstieg: Kael,1,Level 2 oder Bindung 1
Kael Nhar,char_kael,4 Laternenfunken,"Pflichtknoten fuer Builds, die Assassin / Debuffer mit Vehicle Combat verbinden.","Keine reine Zahlensteigerung: der Knoten veraendert Timing, Risiko oder Teamnutzen.","Verbessert Kael Nhars Rostbruch-Spiel: mehr Kontrolle, sauberere Fahrzeugkopplung und ein zusaetzlicher Quest-/Dialog-Nutzen in Dunkelgrund.",up_char_kael_02,Sicherer Rhythmus: Kael,1,Level 4 oder Bindung 1
Kael Nhar,char_kael,5 Laternenfunken,"Pflichtknoten fuer Builds, die Assassin / Debuffer mit Vehicle Combat verbinden.","Keine reine Zahlensteigerung: der Knoten veraendert Timing, Risiko oder Teamnutzen.","Verbessert Kael Nhars Rostbruch-Spiel: mehr Kontrolle, sauberere Fahrzeugkopplung und ein zusaetzlicher Quest-/Dialog-Nutzen in Dunkelgrund.",up_char_kael_03,Statusmeisterschaft: Kael,1,Level 6 oder Bindung 1
Kael Nhar,char_kael,8 Laternenfunken,"Pflichtknoten fuer Builds, die Assassin / Debuffer mit Vehicle Combat verbinden.","Keine reine Zahlensteigerung: der Knoten veraendert Timing, Risiko oder Teamnutzen.","Verbessert Kael Nhars Rostbruch-Spiel: mehr Kontrolle, sauberere Fahrzeugkopplung und ein zusaetzlicher Quest-/Dialog-Nutzen in Dunkelgrund.",up_char_kael_04,Riskanter Vorteil: Kael,2,Level 8 oder Bindung 2
Kael Nhar,char_kael,9 Laternenfunken,"Pflichtknoten fuer Builds, die Assassin / Debuffer mit Vehicle Combat verbinden.","Keine reine Zahlensteigerung: der Knoten veraendert Timing, Risiko oder Teamnutzen.","Verbessert Kael Nhars Rostbruch-Spiel: mehr Kontrolle, sauberere Fahrzeugkopplung und ein zusaetzlicher Quest-/Dialog-Nutzen in Dunkelgrund.",up_char_kael_05,Fahrzeugkopplung: Kael,2,Level 10 oder Bindung 2
Kael Nhar,char_kael,10 Laternenfunken,"Pflichtknoten fuer Builds, die Assassin / Debuffer mit Vehicle Combat verbinden.","Keine reine Zahlensteigerung: der Knoten veraendert Timing, Risiko oder Teamnutzen.","Verbessert Kael Nhars Rostbruch-Spiel: mehr Kontrolle, sauberere Fahrzeugkopplung und ein zusaetzlicher Quest-/Dialog-Nutzen in Dunkelgrund.",up_char_kael_06,Companion-Callout: Kael,2,Level 12 oder Bindung 2
Kael Nhar,char_kael,13 Laternenfunken,"Pflichtknoten fuer Builds, die Assassin / Debuffer mit Vehicle Combat verbinden.","Keine reine Zahlensteigerung: der Knoten veraendert Timing, Risiko oder Teamnutzen.","Verbessert Kael Nhars Rostbruch-Spiel: mehr Kontrolle, sauberere Fahrzeugkopplung und ein zusaetzlicher Quest-/Dialog-Nutzen in Dunkelgrund.",up_char_kael_07,Regionale Praxis: Kael,3,Level 14 oder Bindung 3
Kael Nhar,char_kael,14 Laternenfunken,"Pflichtknoten fuer Builds, die Assassin / Debuffer mit Vehicle Combat verbinden.","Keine reine Zahlensteigerung: der Knoten veraendert Timing, Risiko oder Teamnutzen.","Verbessert Kael Nhars Rostbruch-Spiel: mehr Kontrolle, sauberere Fahrzeugkopplung und ein zusaetzlicher Quest-/Dialog-Nutzen in Dunkelgrund.",up_char_kael_08,Signaturmod: Kael,3,Level 16 oder Bindung 3
Kael Nhar,char_kael,15 Laternenfunken,"Pflichtknoten fuer Builds, die Assassin / Debuffer mit Vehicle Combat verbinden.","Keine reine Zahlensteigerung: der Knoten veraendert Timing, Risiko oder Teamnutzen.","Verbessert Kael Nhars Rostbruch-Spiel: mehr Kontrolle, sauberere Fahrzeugkopplung und ein zusaetzlicher Quest-/Dialog-Nutzen in Dunkelgrund.",up_char_kael_09,Meisterschaftsknoten: Kael,3,Level 18 oder Bindung 3
Kael Nhar,char_kael,18 Laternenfunken,"Pflichtknoten fuer Builds, die Assassin / Debuffer mit Vehicle Combat verbinden.","Keine reine Zahlensteigerung: der Knoten veraendert Timing, Risiko oder Teamnutzen.","Verbessert Kael Nhars Rostbruch-Spiel: mehr Kontrolle, sauberere Fahrzeugkopplung und ein zusaetzlicher Quest-/Dialog-Nutzen in Dunkelgrund.",up_char_kael_10,Koop-Resonanz: Kael,4,Level 20 oder Bindung 4
Kael Nhar,char_kael,19 Laternenfunken,"Pflichtknoten fuer Builds, die Assassin / Debuffer mit Vehicle Combat verbinden.","Keine reine Zahlensteigerung: der Knoten veraendert Timing, Risiko oder Teamnutzen.","Verbessert Kael Nhars Rostbruch-Spiel: mehr Kontrolle, sauberere Fahrzeugkopplung und ein zusaetzlicher Quest-/Dialog-Nutzen in Dunkelgrund.",up_char_kael_11,Schicksalswahl A: Kael,4,Level 22 oder Bindung 4
Kael Nhar,char_kael,20 Laternenfunken,"Pflichtknoten fuer Builds, die Assassin / Debuffer mit Vehicle Combat verbinden.","Keine reine Zahlensteigerung: der Knoten veraendert Timing, Risiko oder Teamnutzen.","Verbessert Kael Nhars Rostbruch-Spiel: mehr Kontrolle, sauberere Fahrzeugkopplung und ein zusaetzlicher Quest-/Dialog-Nutzen in Dunkelgrund.",up_char_kael_12,Schicksalswahl B: Kael,4,Level 24 oder Bindung 4
Oren Vale,char_oren,3 Laternenfunken,"Pflichtknoten fuer Builds, die Support / Heiler-Monk mit Vehicle Combat verbinden.","Keine reine Zahlensteigerung: der Knoten veraendert Timing, Risiko oder Teamnutzen.","Verbessert Oren Vales Wundlicht-Spiel: mehr Kontrolle, sauberere Fahrzeugkopplung und ein zusaetzlicher Quest-/Dialog-Nutzen in Hochkamm.",up_char_oren_01,Taktischer Einstieg: Oren,1,Level 2 oder Bindung 1
Oren Vale,char_oren,4 Laternenfunken,"Pflichtknoten fuer Builds, die Support / Heiler-Monk mit Vehicle Combat verbinden.","Keine reine Zahlensteigerung: der Knoten veraendert Timing, Risiko oder Teamnutzen.","Verbessert Oren Vales Wundlicht-Spiel: mehr Kontrolle, sauberere Fahrzeugkopplung und ein zusaetzlicher Quest-/Dialog-Nutzen in Hochkamm.",up_char_oren_02,Sicherer Rhythmus: Oren,1,Level 4 oder Bindung 1
Oren Vale,char_oren,5 Laternenfunken,"Pflichtknoten fuer Builds, die Support / Heiler-Monk mit Vehicle Combat verbinden.","Keine reine Zahlensteigerung: der Knoten veraendert Timing, Risiko oder Teamnutzen.","Verbessert Oren Vales Wundlicht-Spiel: mehr Kontrolle, sauberere Fahrzeugkopplung und ein zusaetzlicher Quest-/Dialog-Nutzen in Hochkamm.",up_char_oren_03,Statusmeisterschaft: Oren,1,Level 6 oder Bindung 1
Oren Vale,char_oren,8 Laternenfunken,"Pflichtknoten fuer Builds, die Support / Heiler-Monk mit Vehicle Combat verbinden.","Keine reine Zahlensteigerung: der Knoten veraendert Timing, Risiko oder Teamnutzen.","Verbessert Oren Vales Wundlicht-Spiel: mehr Kontrolle, sauberere Fahrzeugkopplung und ein zusaetzlicher Quest-/Dialog-Nutzen in Hochkamm.",up_char_oren_04,Riskanter Vorteil: Oren,2,Level 8 oder Bindung 2
Oren Vale,char_oren,9 Laternenfunken,"Pflichtknoten fuer Builds, die Support / Heiler-Monk mit Vehicle Combat verbinden.","Keine reine Zahlensteigerung: der Knoten veraendert Timing, Risiko oder Teamnutzen.","Verbessert Oren Vales Wundlicht-Spiel: mehr Kontrolle, sauberere Fahrzeugkopplung und ein zusaetzlicher Quest-/Dialog-Nutzen in Hochkamm.",up_char_oren_05,Fahrzeugkopplung: Oren,2,Level 10 oder Bindung 2
Oren Vale,char_oren,10 Laternenfunken,"Pflichtknoten fuer Builds, die Support / Heiler-Monk mit Vehicle Combat verbinden.","Keine reine Zahlensteigerung: der Knoten veraendert Timing, Risiko oder Teamnutzen.","Verbessert Oren Vales Wundlicht-Spiel: mehr Kontrolle, sauberere Fahrzeugkopplung und ein zusaetzlicher Quest-/Dialog-Nutzen in Hochkamm.",up_char_oren_06,Companion-Callout: Oren,2,Level 12 oder Bindung 2
Oren Vale,char_oren,13 Laternenfunken,"Pflichtknoten fuer Builds, die Support / Heiler-Monk mit Vehicle Combat verbinden.","Keine reine Zahlensteigerung: der Knoten veraendert Timing, Risiko oder Teamnutzen.","Verbessert Oren Vales Wundlicht-Spiel: mehr Kontrolle, sauberere Fahrzeugkopplung und ein zusaetzlicher Quest-/Dialog-Nutzen in Hochkamm.",up_char_oren_07,Regionale Praxis: Oren,3,Level 14 oder Bindung 3
Oren Vale,char_oren,14 Laternenfunken,"Pflichtknoten fuer Builds, die Support / Heiler-Monk mit Vehicle Combat verbinden.","Keine reine Zahlensteigerung: der Knoten veraendert Timing, Risiko oder Teamnutzen.","Verbessert Oren Vales Wundlicht-Spiel: mehr Kontrolle, sauberere Fahrzeugkopplung und ein zusaetzlicher Quest-/Dialog-Nutzen in Hochkamm.",up_char_oren_08,Signaturmod: Oren,3,Level 16 oder Bindung 3
Oren Vale,char_oren,15 Laternenfunken,"Pflichtknoten fuer Builds, die Support / Heiler-Monk mit Vehicle Combat verbinden.","Keine reine Zahlensteigerung: der Knoten veraendert Timing, Risiko oder Teamnutzen.","Verbessert Oren Vales Wundlicht-Spiel: mehr Kontrolle, sauberere Fahrzeugkopplung und ein zusaetzlicher Quest-/Dialog-Nutzen in Hochkamm.",up_char_oren_09,Meisterschaftsknoten: Oren,3,Level 18 oder Bindung 3
Oren Vale,char_oren,18 Laternenfunken,"Pflichtknoten fuer Builds, die Support / Heiler-Monk mit Vehicle Combat verbinden.","Keine reine Zahlensteigerung: der Knoten veraendert Timing, Risiko oder Teamnutzen.","Verbessert Oren Vales Wundlicht-Spiel: mehr Kontrolle, sauberere Fahrzeugkopplung und ein zusaetzlicher Quest-/Dialog-Nutzen in Hochkamm.",up_char_oren_10,Koop-Resonanz: Oren,4,Level 20 oder Bindung 4
Oren Vale,char_oren,19 Laternenfunken,"Pflichtknoten fuer Builds, die Support / Heiler-Monk mit Vehicle Combat verbinden.","Keine reine Zahlensteigerung: der Knoten veraendert Timing, Risiko oder Teamnutzen.","Verbessert Oren Vales Wundlicht-Spiel: mehr Kontrolle, sauberere Fahrzeugkopplung und ein zusaetzlicher Quest-/Dialog-Nutzen in Hochkamm.",up_char_oren_11,Schicksalswahl A: Oren,4,Level 22 oder Bindung 4
Oren Vale,char_oren,20 Laternenfunken,"Pflichtknoten fuer Builds, die Support / Heiler-Monk mit Vehicle Combat verbinden.","Keine reine Zahlensteigerung: der Knoten veraendert Timing, Risiko oder Teamnutzen.","Verbessert Oren Vales Wundlicht-Spiel: mehr Kontrolle, sauberere Fahrzeugkopplung und ein zusaetzlicher Quest-/Dialog-Nutzen in Hochkamm.",up_char_oren_12,Schicksalswahl B: Oren,4,Level 24 oder Bindung 4
Yara Kest,char_yara,3 Laternenfunken,"Pflichtknoten fuer Builds, die Engineer / Drohnenkern mit Vehicle Combat verbinden.","Keine reine Zahlensteigerung: der Knoten veraendert Timing, Risiko oder Teamnutzen.","Verbessert Yara Kests Ueberladung-Spiel: mehr Kontrolle, sauberere Fahrzeugkopplung und ein zusaetzlicher Quest-/Dialog-Nutzen in Eisenbrandkueste.",up_char_yara_01,Taktischer Einstieg: Yara,1,Level 2 oder Bindung 1
Yara Kest,char_yara,4 Laternenfunken,"Pflichtknoten fuer Builds, die Engineer / Drohnenkern mit Vehicle Combat verbinden.","Keine reine Zahlensteigerung: der Knoten veraendert Timing, Risiko oder Teamnutzen.","Verbessert Yara Kests Ueberladung-Spiel: mehr Kontrolle, sauberere Fahrzeugkopplung und ein zusaetzlicher Quest-/Dialog-Nutzen in Eisenbrandkueste.",up_char_yara_02,Sicherer Rhythmus: Yara,1,Level 4 oder Bindung 1
Yara Kest,char_yara,5 Laternenfunken,"Pflichtknoten fuer Builds, die Engineer / Drohnenkern mit Vehicle Combat verbinden.","Keine reine Zahlensteigerung: der Knoten veraendert Timing, Risiko oder Teamnutzen.","Verbessert Yara Kests Ueberladung-Spiel: mehr Kontrolle, sauberere Fahrzeugkopplung und ein zusaetzlicher Quest-/Dialog-Nutzen in Eisenbrandkueste.",up_char_yara_03,Statusmeisterschaft: Yara,1,Level 6 oder Bindung 1
Yara Kest,char_yara,8 Laternenfunken,"Pflichtknoten fuer Builds, die Engineer / Drohnenkern mit Vehicle Combat verbinden.","Keine reine Zahlensteigerung: der Knoten veraendert Timing, Risiko oder Teamnutzen.","Verbessert Yara Kests Ueberladung-Spiel: mehr Kontrolle, sauberere Fahrzeugkopplung und ein zusaetzlicher Quest-/Dialog-Nutzen in Eisenbrandkueste.",up_char_yara_04,Riskanter Vorteil: Yara,2,Level 8 oder Bindung 2
Yara Kest,char_yara,9 Laternenfunken,"Pflichtknoten fuer Builds, die Engineer / Drohnenkern mit Vehicle Combat verbinden.","Keine reine Zahlensteigerung: der Knoten veraendert Timing, Risiko oder Teamnutzen.","Verbessert Yara Kests Ueberladung-Spiel: mehr Kontrolle, sauberere Fahrzeugkopplung und ein zusaetzlicher Quest-/Dialog-Nutzen in Eisenbrandkueste.",up_char_yara_05,Fahrzeugkopplung: Yara,2,Level 10 oder Bindung 2
Yara Kest,char_yara,10 Laternenfunken,"Pflichtknoten fuer Builds, die Engineer / Drohnenkern mit Vehicle Combat verbinden.","Keine reine Zahlensteigerung: der Knoten veraendert Timing, Risiko oder Teamnutzen.","Verbessert Yara Kests Ueberladung-Spiel: mehr Kontrolle, sauberere Fahrzeugkopplung und ein zusaetzlicher Quest-/Dialog-Nutzen in Eisenbrandkueste.",up_char_yara_06,Companion-Callout: Yara,2,Level 12 oder Bindung 2
Yara Kest,char_yara,13 Laternenfunken,"Pflichtknoten fuer Builds, die Engineer / Drohnenkern mit Vehicle Combat verbinden.","Keine reine Zahlensteigerung: der Knoten veraendert Timing, Risiko oder Teamnutzen.","Verbessert Yara Kests Ueberladung-Spiel: mehr Kontrolle, sauberere Fahrzeugkopplung und ein zusaetzlicher Quest-/Dialog-Nutzen in Eisenbrandkueste.",up_char_yara_07,Regionale Praxis: Yara,3,Level 14 oder Bindung 3
Yara Kest,char_yara,14 Laternenfunken,"Pflichtknoten fuer Builds, die Engineer / Drohnenkern mit Vehicle Combat verbinden.","Keine reine Zahlensteigerung: der Knoten veraendert Timing, Risiko oder Teamnutzen.","Verbessert Yara Kests Ueberladung-Spiel: mehr Kontrolle, sauberere Fahrzeugkopplung und ein zusaetzlicher Quest-/Dialog-Nutzen in Eisenbrandkueste.",up_char_yara_08,Signaturmod: Yara,3,Level 16 oder Bindung 3
Yara Kest,char_yara,15 Laternenfunken,"Pflichtknoten fuer Builds, die Engineer / Drohnenkern mit Vehicle Combat verbinden.","Keine reine Zahlensteigerung: der Knoten veraendert Timing, Risiko oder Teamnutzen.","Verbessert Yara Kests Ueberladung-Spiel: mehr Kontrolle, sauberere Fahrzeugkopplung und ein zusaetzlicher Quest-/Dialog-Nutzen in Eisenbrandkueste.",up_char_yara_09,Meisterschaftsknoten: Yara,3,Level 18 oder Bindung 3
Yara Kest,char_yara,18 Laternenfunken,"Pflichtknoten fuer Builds, die Engineer / Drohnenkern mit Vehicle Combat verbinden.","Keine reine Zahlensteigerung: der Knoten veraendert Timing, Risiko oder Teamnutzen.","Verbessert Yara Kests Ueberladung-Spiel: mehr Kontrolle, sauberere Fahrzeugkopplung und ein zusaetzlicher Quest-/Dialog-Nutzen in Eisenbrandkueste.",up_char_yara_10,Koop-Resonanz: Yara,4,Level 20 oder Bindung 4
Yara Kest,char_yara,19 Laternenfunken,"Pflichtknoten fuer Builds, die Engineer / Drohnenkern mit Vehicle Combat verbinden.","Keine reine Zahlensteigerung: der Knoten veraendert Timing, Risiko oder Teamnutzen.","Verbessert Yara Kests Ueberladung-Spiel: mehr Kontrolle, sauberere Fahrzeugkopplung und ein zusaetzlicher Quest-/Dialog-Nutzen in Eisenbrandkueste.",up_char_yara_11,Schicksalswahl A: Yara,4,Level 22 oder Bindung 4
Yara Kest,char_yara,20 Laternenfunken,"Pflichtknoten fuer Builds, die Engineer / Drohnenkern mit Vehicle Combat verbinden.","Keine reine Zahlensteigerung: der Knoten veraendert Timing, Risiko oder Teamnutzen.","Verbessert Yara Kests Ueberladung-Spiel: mehr Kontrolle, sauberere Fahrzeugkopplung und ein zusaetzlicher Quest-/Dialog-Nutzen in Eisenbrandkueste.",up_char_yara_12,Schicksalswahl B: Yara,4,Level 24 oder Bindung 4
Neris Vael,char_neris,3 Laternenfunken,"Pflichtknoten fuer Builds, die Echo-Mage / Opfermagie mit Vehicle Combat verbinden.","Keine reine Zahlensteigerung: der Knoten veraendert Timing, Risiko oder Teamnutzen.","Verbessert Neris Vaels Echohunger-Spiel: mehr Kontrolle, sauberere Fahrzeugkopplung und ein zusaetzlicher Quest-/Dialog-Nutzen in Scherbenkrone/Wurzelwald.",up_char_neris_01,Taktischer Einstieg: Neris,1,Level 2 oder Bindung 1
Neris Vael,char_neris,4 Laternenfunken,"Pflichtknoten fuer Builds, die Echo-Mage / Opfermagie mit Vehicle Combat verbinden.","Keine reine Zahlensteigerung: der Knoten veraendert Timing, Risiko oder Teamnutzen.","Verbessert Neris Vaels Echohunger-Spiel: mehr Kontrolle, sauberere Fahrzeugkopplung und ein zusaetzlicher Quest-/Dialog-Nutzen in Scherbenkrone/Wurzelwald.",up_char_neris_02,Sicherer Rhythmus: Neris,1,Level 4 oder Bindung 1
Neris Vael,char_neris,5 Laternenfunken,"Pflichtknoten fuer Builds, die Echo-Mage / Opfermagie mit Vehicle Combat verbinden.","Keine reine Zahlensteigerung: der Knoten veraendert Timing, Risiko oder Teamnutzen.","Verbessert Neris Vaels Echohunger-Spiel: mehr Kontrolle, sauberere Fahrzeugkopplung und ein zusaetzlicher Quest-/Dialog-Nutzen in Scherbenkrone/Wurzelwald.",up_char_neris_03,Statusmeisterschaft: Neris,1,Level 6 oder Bindung 1
Neris Vael,char_neris,8 Laternenfunken,"Pflichtknoten fuer Builds, die Echo-Mage / Opfermagie mit Vehicle Combat verbinden.","Keine reine Zahlensteigerung: der Knoten veraendert Timing, Risiko oder Teamnutzen.","Verbessert Neris Vaels Echohunger-Spiel: mehr Kontrolle, sauberere Fahrzeugkopplung und ein zusaetzlicher Quest-/Dialog-Nutzen in Scherbenkrone/Wurzelwald.",up_char_neris_04,Riskanter Vorteil: Neris,2,Level 8 oder Bindung 2
Neris Vael,char_neris,9 Laternenfunken,"Pflichtknoten fuer Builds, die Echo-Mage / Opfermagie mit Vehicle Combat verbinden.","Keine reine Zahlensteigerung: der Knoten veraendert Timing, Risiko oder Teamnutzen.","Verbessert Neris Vaels Echohunger-Spiel: mehr Kontrolle, sauberere Fahrzeugkopplung und ein zusaetzlicher Quest-/Dialog-Nutzen in Scherbenkrone/Wurzelwald.",up_char_neris_05,Fahrzeugkopplung: Neris,2,Level 10 oder Bindung 2
Neris Vael,char_neris,10 Laternenfunken,"Pflichtknoten fuer Builds, die Echo-Mage / Opfermagie mit Vehicle Combat verbinden.","Keine reine Zahlensteigerung: der Knoten veraendert Timing, Risiko oder Teamnutzen.","Verbessert Neris Vaels Echohunger-Spiel: mehr Kontrolle, sauberere Fahrzeugkopplung und ein zusaetzlicher Quest-/Dialog-Nutzen in Scherbenkrone/Wurzelwald.",up_char_neris_06,Companion-Callout: Neris,2,Level 12 oder Bindung 2
Neris Vael,char_neris,13 Laternenfunken,"Pflichtknoten fuer Builds, die Echo-Mage / Opfermagie mit Vehicle Combat verbinden.","Keine reine Zahlensteigerung: der Knoten veraendert Timing, Risiko oder Teamnutzen.","Verbessert Neris Vaels Echohunger-Spiel: mehr Kontrolle, sauberere Fahrzeugkopplung und ein zusaetzlicher Quest-/Dialog-Nutzen in Scherbenkrone/Wurzelwald.",up_char_neris_07,Regionale Praxis: Neris,3,Level 14 oder Bindung 3
Neris Vael,char_neris,14 Laternenfunken,"Pflichtknoten fuer Builds, die Echo-Mage / Opfermagie mit Vehicle Combat verbinden.","Keine reine Zahlensteigerung: der Knoten veraendert Timing, Risiko oder Teamnutzen.","Verbessert Neris Vaels Echohunger-Spiel: mehr Kontrolle, sauberere Fahrzeugkopplung und ein zusaetzlicher Quest-/Dialog-Nutzen in Scherbenkrone/Wurzelwald.",up_char_neris_08,Signaturmod: Neris,3,Level 16 oder Bindung 3
Neris Vael,char_neris,15 Laternenfunken,"Pflichtknoten fuer Builds, die Echo-Mage / Opfermagie mit Vehicle Combat verbinden.","Keine reine Zahlensteigerung: der Knoten veraendert Timing, Risiko oder Teamnutzen.","Verbessert Neris Vaels Echohunger-Spiel: mehr Kontrolle, sauberere Fahrzeugkopplung und ein zusaetzlicher Quest-/Dialog-Nutzen in Scherbenkrone/Wurzelwald.",up_char_neris_09,Meisterschaftsknoten: Neris,3,Level 18 oder Bindung 3
Neris Vael,char_neris,18 Laternenfunken,"Pflichtknoten fuer Builds, die Echo-Mage / Opfermagie mit Vehicle Combat verbinden.","Keine reine Zahlensteigerung: der Knoten veraendert Timing, Risiko oder Teamnutzen.","Verbessert Neris Vaels Echohunger-Spiel: mehr Kontrolle, sauberere Fahrzeugkopplung und ein zusaetzlicher Quest-/Dialog-Nutzen in Scherbenkrone/Wurzelwald.",up_char_neris_10,Koop-Resonanz: Neris,4,Level 20 oder Bindung 4
Neris Vael,char_neris,19 Laternenfunken,"Pflichtknoten fuer Builds, die Echo-Mage / Opfermagie mit Vehicle Combat verbinden.","Keine reine Zahlensteigerung: der Knoten veraendert Timing, Risiko oder Teamnutzen.","Verbessert Neris Vaels Echohunger-Spiel: mehr Kontrolle, sauberere Fahrzeugkopplung und ein zusaetzlicher Quest-/Dialog-Nutzen in Scherbenkrone/Wurzelwald.",up_char_neris_11,Schicksalswahl A: Neris,4,Level 22 oder Bindung 4
Neris Vael,char_neris,20 Laternenfunken,"Pflichtknoten fuer Builds, die Echo-Mage / Opfermagie mit Vehicle Combat verbinden.","Keine reine Zahlensteigerung: der Knoten veraendert Timing, Risiko oder Teamnutzen.","Verbessert Neris Vaels Echohunger-Spiel: mehr Kontrolle, sauberere Fahrzeugkopplung und ein zusaetzlicher Quest-/Dialog-Nutzen in Scherbenkrone/Wurzelwald.",up_char_neris_12,Schicksalswahl B: Neris,4,Level 24 oder Bindung 4
Velka Sturmtritt,char_velka,3 Laternenfunken,"Pflichtknoten fuer Builds, die Lancer / Verfolgerin mit Vehicle Combat verbinden.","Keine reine Zahlensteigerung: der Knoten veraendert Timing, Risiko oder Teamnutzen.","Verbessert Velka Sturmtritts Sturmjagd-Spiel: mehr Kontrolle, sauberere Fahrzeugkopplung und ein zusaetzlicher Quest-/Dialog-Nutzen in Graumarsch/Eisenbrandkueste.",up_char_velka_01,Taktischer Einstieg: Velka,1,Level 2 oder Bindung 1
Velka Sturmtritt,char_velka,4 Laternenfunken,"Pflichtknoten fuer Builds, die Lancer / Verfolgerin mit Vehicle Combat verbinden.","Keine reine Zahlensteigerung: der Knoten veraendert Timing, Risiko oder Teamnutzen.","Verbessert Velka Sturmtritts Sturmjagd-Spiel: mehr Kontrolle, sauberere Fahrzeugkopplung und ein zusaetzlicher Quest-/Dialog-Nutzen in Graumarsch/Eisenbrandkueste.",up_char_velka_02,Sicherer Rhythmus: Velka,1,Level 4 oder Bindung 1
Velka Sturmtritt,char_velka,5 Laternenfunken,"Pflichtknoten fuer Builds, die Lancer / Verfolgerin mit Vehicle Combat verbinden.","Keine reine Zahlensteigerung: der Knoten veraendert Timing, Risiko oder Teamnutzen.","Verbessert Velka Sturmtritts Sturmjagd-Spiel: mehr Kontrolle, sauberere Fahrzeugkopplung und ein zusaetzlicher Quest-/Dialog-Nutzen in Graumarsch/Eisenbrandkueste.",up_char_velka_03,Statusmeisterschaft: Velka,1,Level 6 oder Bindung 1
Velka Sturmtritt,char_velka,8 Laternenfunken,"Pflichtknoten fuer Builds, die Lancer / Verfolgerin mit Vehicle Combat verbinden.","Keine reine Zahlensteigerung: der Knoten veraendert Timing, Risiko oder Teamnutzen.","Verbessert Velka Sturmtritts Sturmjagd-Spiel: mehr Kontrolle, sauberere Fahrzeugkopplung und ein zusaetzlicher Quest-/Dialog-Nutzen in Graumarsch/Eisenbrandkueste.",up_char_velka_04,Riskanter Vorteil: Velka,2,Level 8 oder Bindung 2
Velka Sturmtritt,char_velka,9 Laternenfunken,"Pflichtknoten fuer Builds, die Lancer / Verfolgerin mit Vehicle Combat verbinden.","Keine reine Zahlensteigerung: der Knoten veraendert Timing, Risiko oder Teamnutzen.","Verbessert Velka Sturmtritts Sturmjagd-Spiel: mehr Kontrolle, sauberere Fahrzeugkopplung und ein zusaetzlicher Quest-/Dialog-Nutzen in Graumarsch/Eisenbrandkueste.",up_char_velka_05,Fahrzeugkopplung: Velka,2,Level 10 oder Bindung 2
Velka Sturmtritt,char_velka,10 Laternenfunken,"Pflichtknoten fuer Builds, die Lancer / Verfolgerin mit Vehicle Combat verbinden.","Keine reine Zahlensteigerung: der Knoten veraendert Timing, Risiko oder Teamnutzen.","Verbessert Velka Sturmtritts Sturmjagd-Spiel: mehr Kontrolle, sauberere Fahrzeugkopplung und ein zusaetzlicher Quest-/Dialog-Nutzen in Graumarsch/Eisenbrandkueste.",up_char_velka_06,Companion-Callout: Velka,2,Level 12 oder Bindung 2
Velka Sturmtritt,char_velka,13 Laternenfunken,"Pflichtknoten fuer Builds, die Lancer / Verfolgerin mit Vehicle Combat verbinden.","Keine reine Zahlensteigerung: der Knoten veraendert Timing, Risiko oder Teamnutzen.","Verbessert Velka Sturmtritts Sturmjagd-Spiel: mehr Kontrolle, sauberere Fahrzeugkopplung und ein zusaetzlicher Quest-/Dialog-Nutzen in Graumarsch/Eisenbrandkueste.",up_char_velka_07,Regionale Praxis: Velka,3,Level 14 oder Bindung 3
Velka Sturmtritt,char_velka,14 Laternenfunken,"Pflichtknoten fuer Builds, die Lancer / Verfolgerin mit Vehicle Combat verbinden.","Keine reine Zahlensteigerung: der Knoten veraendert Timing, Risiko oder Teamnutzen.","Verbessert Velka Sturmtritts Sturmjagd-Spiel: mehr Kontrolle, sauberere Fahrzeugkopplung und ein zusaetzlicher Quest-/Dialog-Nutzen in Graumarsch/Eisenbrandkueste.",up_char_velka_08,Signaturmod: Velka,3,Level 16 oder Bindung 3
Velka Sturmtritt,char_velka,15 Laternenfunken,"Pflichtknoten fuer Builds, die Lancer / Verfolgerin mit Vehicle Combat verbinden.","Keine reine Zahlensteigerung: der Knoten veraendert Timing, Risiko oder Teamnutzen.","Verbessert Velka Sturmtritts Sturmjagd-Spiel: mehr Kontrolle, sauberere Fahrzeugkopplung und ein zusaetzlicher Quest-/Dialog-Nutzen in Graumarsch/Eisenbrandkueste.",up_char_velka_09,Meisterschaftsknoten: Velka,3,Level 18 oder Bindung 3
Velka Sturmtritt,char_velka,18 Laternenfunken,"Pflichtknoten fuer Builds, die Lancer / Verfolgerin mit Vehicle Combat verbinden.","Keine reine Zahlensteigerung: der Knoten veraendert Timing, Risiko oder Teamnutzen.","Verbessert Velka Sturmtritts Sturmjagd-Spiel: mehr Kontrolle, sauberere Fahrzeugkopplung und ein zusaetzlicher Quest-/Dialog-Nutzen in Graumarsch/Eisenbrandkueste.",up_char_velka_10,Koop-Resonanz: Velka,4,Level 20 oder Bindung 4
Velka Sturmtritt,char_velka,19 Laternenfunken,"Pflichtknoten fuer Builds, die Lancer / Verfolgerin mit Vehicle Combat verbinden.","Keine reine Zahlensteigerung: der Knoten veraendert Timing, Risiko oder Teamnutzen.","Verbessert Velka Sturmtritts Sturmjagd-Spiel: mehr Kontrolle, sauberere Fahrzeugkopplung und ein zusaetzlicher Quest-/Dialog-Nutzen in Graumarsch/Eisenbrandkueste.",up_char_velka_11,Schicksalswahl A: Velka,4,Level 22 oder Bindung 4
Velka Sturmtritt,char_velka,20 Laternenfunken,"Pflichtknoten fuer Builds, die Lancer / Verfolgerin mit Vehicle Combat verbinden.","Keine reine Zahlensteigerung: der Knoten veraendert Timing, Risiko oder Teamnutzen.","Verbessert Velka Sturmtritts Sturmjagd-Spiel: mehr Kontrolle, sauberere Fahrzeugkopplung und ein zusaetzlicher Quest-/Dialog-Nutzen in Graumarsch/Eisenbrandkueste.",up_char_velka_12,Schicksalswahl B: Velka,4,Level 24 oder Bindung 4
Cyr Ohne Gestern,char_cyr,3 Laternenfunken,"Pflichtknoten fuer Builds, die Adaptive / Formwechsel mit Vehicle Combat verbinden.","Keine reine Zahlensteigerung: der Knoten veraendert Timing, Risiko oder Teamnutzen.","Verbessert Cyr Ohne Gesterns Formschock-Spiel: mehr Kontrolle, sauberere Fahrzeugkopplung und ein zusaetzlicher Quest-/Dialog-Nutzen in Scherbenkrone.",up_char_cyr_01,Taktischer Einstieg: Cyr,1,Level 2 oder Bindung 1
Cyr Ohne Gestern,char_cyr,4 Laternenfunken,"Pflichtknoten fuer Builds, die Adaptive / Formwechsel mit Vehicle Combat verbinden.","Keine reine Zahlensteigerung: der Knoten veraendert Timing, Risiko oder Teamnutzen.","Verbessert Cyr Ohne Gesterns Formschock-Spiel: mehr Kontrolle, sauberere Fahrzeugkopplung und ein zusaetzlicher Quest-/Dialog-Nutzen in Scherbenkrone.",up_char_cyr_02,Sicherer Rhythmus: Cyr,1,Level 4 oder Bindung 1
Cyr Ohne Gestern,char_cyr,5 Laternenfunken,"Pflichtknoten fuer Builds, die Adaptive / Formwechsel mit Vehicle Combat verbinden.","Keine reine Zahlensteigerung: der Knoten veraendert Timing, Risiko oder Teamnutzen.","Verbessert Cyr Ohne Gesterns Formschock-Spiel: mehr Kontrolle, sauberere Fahrzeugkopplung und ein zusaetzlicher Quest-/Dialog-Nutzen in Scherbenkrone.",up_char_cyr_03,Statusmeisterschaft: Cyr,1,Level 6 oder Bindung 1
Cyr Ohne Gestern,char_cyr,8 Laternenfunken,"Pflichtknoten fuer Builds, die Adaptive / Formwechsel mit Vehicle Combat verbinden.","Keine reine Zahlensteigerung: der Knoten veraendert Timing, Risiko oder Teamnutzen.","Verbessert Cyr Ohne Gesterns Formschock-Spiel: mehr Kontrolle, sauberere Fahrzeugkopplung und ein zusaetzlicher Quest-/Dialog-Nutzen in Scherbenkrone.",up_char_cyr_04,Riskanter Vorteil: Cyr,2,Level 8 oder Bindung 2
Cyr Ohne Gestern,char_cyr,9 Laternenfunken,"Pflichtknoten fuer Builds, die Adaptive / Formwechsel mit Vehicle Combat verbinden.","Keine reine Zahlensteigerung: der Knoten veraendert Timing, Risiko oder Teamnutzen.","Verbessert Cyr Ohne Gesterns Formschock-Spiel: mehr Kontrolle, sauberere Fahrzeugkopplung und ein zusaetzlicher Quest-/Dialog-Nutzen in Scherbenkrone.",up_char_cyr_05,Fahrzeugkopplung: Cyr,2,Level 10 oder Bindung 2
Cyr Ohne Gestern,char_cyr,10 Laternenfunken,"Pflichtknoten fuer Builds, die Adaptive / Formwechsel mit Vehicle Combat verbinden.","Keine reine Zahlensteigerung: der Knoten veraendert Timing, Risiko oder Teamnutzen.","Verbessert Cyr Ohne Gesterns Formschock-Spiel: mehr Kontrolle, sauberere Fahrzeugkopplung und ein zusaetzlicher Quest-/Dialog-Nutzen in Scherbenkrone.",up_char_cyr_06,Companion-Callout: Cyr,2,Level 12 oder Bindung 2
Cyr Ohne Gestern,char_cyr,13 Laternenfunken,"Pflichtknoten fuer Builds, die Adaptive / Formwechsel mit Vehicle Combat verbinden.","Keine reine Zahlensteigerung: der Knoten veraendert Timing, Risiko oder Teamnutzen.","Verbessert Cyr Ohne Gesterns Formschock-Spiel: mehr Kontrolle, sauberere Fahrzeugkopplung und ein zusaetzlicher Quest-/Dialog-Nutzen in Scherbenkrone.",up_char_cyr_07,Regionale Praxis: Cyr,3,Level 14 oder Bindung 3
Cyr Ohne Gestern,char_cyr,14 Laternenfunken,"Pflichtknoten fuer Builds, die Adaptive / Formwechsel mit Vehicle Combat verbinden.","Keine reine Zahlensteigerung: der Knoten veraendert Timing, Risiko oder Teamnutzen.","Verbessert Cyr Ohne Gesterns Formschock-Spiel: mehr Kontrolle, sauberere Fahrzeugkopplung und ein zusaetzlicher Quest-/Dialog-Nutzen in Scherbenkrone.",up_char_cyr_08,Signaturmod: Cyr,3,Level 16 oder Bindung 3
Cyr Ohne Gestern,char_cyr,15 Laternenfunken,"Pflichtknoten fuer Builds, die Adaptive / Formwechsel mit Vehicle Combat verbinden.","Keine reine Zahlensteigerung: der Knoten veraendert Timing, Risiko oder Teamnutzen.","Verbessert Cyr Ohne Gesterns Formschock-Spiel: mehr Kontrolle, sauberere Fahrzeugkopplung und ein zusaetzlicher Quest-/Dialog-Nutzen in Scherbenkrone.",up_char_cyr_09,Meisterschaftsknoten: Cyr,3,Level 18 oder Bindung 3
Cyr Ohne Gestern,char_cyr,18 Laternenfunken,"Pflichtknoten fuer Builds, die Adaptive / Formwechsel mit Vehicle Combat verbinden.","Keine reine Zahlensteigerung: der Knoten veraendert Timing, Risiko oder Teamnutzen.","Verbessert Cyr Ohne Gesterns Formschock-Spiel: mehr Kontrolle, sauberere Fahrzeugkopplung und ein zusaetzlicher Quest-/Dialog-Nutzen in Scherbenkrone.",up_char_cyr_10,Koop-Resonanz: Cyr,4,Level 20 oder Bindung 4
Cyr Ohne Gestern,char_cyr,19 Laternenfunken,"Pflichtknoten fuer Builds, die Adaptive / Formwechsel mit Vehicle Combat verbinden.","Keine reine Zahlensteigerung: der Knoten veraendert Timing, Risiko oder Teamnutzen.","Verbessert Cyr Ohne Gesterns Formschock-Spiel: mehr Kontrolle, sauberere Fahrzeugkopplung und ein zusaetzlicher Quest-/Dialog-Nutzen in Scherbenkrone.",up_char_cyr_11,Schicksalswahl A: Cyr,4,Level 22 oder Bindung 4
Cyr Ohne Gestern,char_cyr,20 Laternenfunken,"Pflichtknoten fuer Builds, die Adaptive / Formwechsel mit Vehicle Combat verbinden.","Keine reine Zahlensteigerung: der Knoten veraendert Timing, Risiko oder Teamnutzen.","Verbessert Cyr Ohne Gesterns Formschock-Spiel: mehr Kontrolle, sauberere Fahrzeugkopplung und ein zusaetzlicher Quest-/Dialog-Nutzen in Scherbenkrone.",up_char_cyr_12,Schicksalswahl B: Cyr,4,Level 24 oder Bindung 4
